"baseMean"	"log2FoldChange"	"lfcSE"	"stat"	"pvalue"	"padj"
"1CMET2-PWY"	6898.43045546688	-0.0833648920854616	0.0535688283245445	-1.55622018798692	0.119655742416354	0.428225521782507
"3-HYDROXYPHENYLACETATE-DEGRADATION-PWY"	7.57751303846227	6.39166344366606	2.56300827114946	2.49381303822306	0.0126379091763169	0.111639457968449
"ALL-CHORISMATE-PWY"	383.072814807918	2.5175023389797	0.966719832893384	2.60416953632247	0.00920971875814482	0.0898645284885646
"ANAEROFRUCAT-PWY"	6134.9838148296	0.087149334464361	0.164892456610863	0.528522263877896	0.597136898570223	0.878081969973572
"ANAGLYCOLYSIS-PWY"	8914.849928116	-0.0746240490217687	0.0310545944378662	-2.40299544632843	0.0162613899225656	0.127711403782101
"ARG+POLYAMINE-SYN"	1748.6840764408	0.461252327647846	0.379723968885881	1.21470427321502	0.224478902149986	0.567126510198548
"ARGDEG-PWY"	135.383646778246	3.88692751117976	1.30361398437859	2.98165527353757	0.0028669462112445	0.048633864327073
"ARGORNPROST-PWY"	969.800631330565	0.511182736552021	0.395187825353548	1.29351843289884	0.19583181302895	0.557439005213643
"ARGSYN-PWY"	6153.93119963365	-0.124661230042089	0.101352837345032	-1.22997276946188	0.218707302064535	0.563390010118241
"ARGSYNBSUB-PWY"	6207.53991948188	-0.131899484825624	0.118875966688304	-1.10955551824422	0.267190608180168	0.61228661004686
"ARO-PWY"	8006.09870165011	-0.0714607440658077	0.042845779786613	-1.66785957500849	0.0953436061598204	0.374398063212953
"ASPASN-PWY"	6512.61903171333	-0.00647239674098957	0.0954680448008147	-0.0677964732020399	0.945947651281725	0.999989930959547
"AST-PWY"	84.5185267625473	3.91887798954531	1.31646428831874	2.97682058246344	0.00291254401327193	0.048633864327073
"BIOTIN-BIOSYNTHESIS-PWY"	2095.64509378855	0.114999631654286	0.268964544314645	0.427564279698351	0.66896837682325	0.90436043208276
"BRANCHED-CHAIN-AA-SYN-PWY"	8561.00841477382	-0.0881272455791466	0.0526059561364596	-1.67523322550293	0.0938884809827482	0.374398063212953
"CALVIN-PWY"	9296.76340315288	0.0274289277771216	0.0537150354818323	0.510637804314562	0.609604699147751	0.878081969973572
"CATECHOL-ORTHO-CLEAVAGE-PWY"	4.78684707063789	5.72740441936765	2.52812747504867	2.26547295415054	0.0234836718831191	0.157536298882591
"CENTFERM-PWY"	463.051996997582	1.57817072827781	0.722608461443803	2.18399148706971	0.0289628736105087	0.182863633383996
"COA-PWY"	7244.28327149883	-0.07463303811856	0.0646814343710001	-1.15385564411697	0.248559356736014	0.592860095325899
"COBALSYN-PWY"	6127.89668422816	-0.0710454092612195	0.0671728337912319	-1.05765091706601	0.290214620045407	0.635708215337558
"CODH-PWY"	229.905794860946	-0.665944942438464	1.20014709494426	-0.554886101248608	0.578972569147286	0.871569782657476
"COLANSYN-PWY"	3606.99828579434	-0.0317149906279017	0.197108937433732	-0.160900824898234	0.87217151259614	0.988870517802666
"COMPLETE-ARO-PWY"	8333.18109628464	-0.078923144112736	0.0421873389321868	-1.87077796586316	0.0613758629227849	0.278352505086433
"CRNFORCAT-PWY"	47.2086044263394	-23.9020982202494	3.00379111042092	-7.95731039263249	NA	NA
"DAPLYSINESYN-PWY"	6752.46452449794	-0.0416430165606841	0.0876439792397984	-0.475138360009268	0.634688358385567	0.878081969973572
"DENITRIFICATION-PWY"	18.7614232913498	-22.7301786083149	3.00472274655254	-7.56481729783366	NA	NA
"DENOVOPURINE2-PWY"	5559.08517128052	-0.0626156466404313	0.117954766333766	-0.530844565138243	0.5955264949514	0.878081969973572
"DTDPRHAMSYN-PWY"	7641.71851107331	-0.103337830879344	0.0664093054560443	-1.55607456168537	0.119690363231135	0.428225521782507
"ECASYN-PWY"	150.11119348719	3.64929629310446	1.29458639120036	2.81888973799637	0.0048190068818922	0.0646550089987203
"ENTBACSYN-PWY"	307.297781819306	3.35320358432268	1.14683226070678	2.9238832035089	0.00345694429963568	0.0505004061468393
"FAO-PWY"	327.246720067652	2.8061366379364	0.728877283587076	3.84994388098687	0.000118144891333136	0.019021327504635
"FASYN-ELONG-PWY"	6113.36759265365	-0.107923231459872	0.218608755483363	-0.49368210903193	0.62153070236294	0.878081969973572
"FASYN-INITIAL-PWY"	2760.49103990701	0.534741301061015	0.567516137868455	0.942248625861919	0.346065363810795	0.688673048436477
"FERMENTATION-PWY"	4984.88586766087	-0.0839976001472179	0.161551572533991	-0.519942943480445	0.603103343223594	0.878081969973572
"FOLSYN-PWY"	6041.144694544	-0.0786611565565949	0.0762801684256015	-1.03121372409286	0.302440606203628	0.6365089882194
"FUC-RHAMCAT-PWY"	1721.93302491665	0.0853530778227986	0.313428063262519	0.272321109138556	0.785375126597776	0.933176349684443
"FUCCAT-PWY"	1838.39280957325	-0.0400124961559316	0.381876904028615	-0.104778518244542	0.916551556164195	0.999989930959547
"GALACT-GLUCUROCAT-PWY"	2944.09458341168	0.117380906439565	0.277380961795225	0.423175785677103	0.672167012213874	0.90436043208276
"GALACTARDEG-PWY"	131.106168924979	1.9596871120636	1.00828544185376	1.9435836626389	0.0519456775214476	0.245978061204502
"GALACTUROCAT-PWY"	4159.00864049955	0.106252316054731	0.219003431342645	0.485162791301167	0.62756087378986	0.878081969973572
"GLCMANNANAUT-PWY"	3496.4364137216	0.00948413864474311	0.261634813039982	0.0362495286255877	0.971083393785182	0.999989930959547
"GLUCARDEG-PWY"	345.194863933281	1.54159485472813	0.612131057343487	2.51840653440835	0.0117887166807614	0.108456193463005
"GLUCARGALACTSUPER-PWY"	131.106168924979	1.9596871120636	1.00828544185376	1.9435836626389	0.0519456775214476	0.245978061204502
"GLUCONEO-PWY"	7193.42225101636	-0.0582031444367067	0.0483988735598718	-1.20257229467761	0.229141874290971	0.567126510198548
"GLUCOSE1PMETAB-PWY"	743.53474869437	-0.18022297800659	0.750046462298288	-0.240282418577579	0.810111323760908	0.945129877721059
"GLUCUROCAT-PWY"	2893.92605718219	0.120373051501692	0.28630216673114	0.420440588613258	0.674163622336018	0.90436043208276
"GLUTORN-PWY"	5814.93002504071	-0.161010067242993	0.12976217082514	-1.24080898322795	0.214676321895391	0.560760983217082
"GLYCOCAT-PWY"	8830.56331678563	-0.167433361835569	0.120748424756651	-1.38662978148993	0.165554682232422	0.507701025512762
"GLYCOGENSYNTH-PWY"	8359.40296520166	-0.0737576217454282	0.0676800752368135	-1.08979816419159	0.275802062827311	0.616724057155514
"GLYCOL-GLYOXDEG-PWY"	165.521173933623	2.54723252332292	1.0345042794175	2.46227354879305	0.0138059324458613	0.116987111778088
"GLYCOLYSIS"	6965.42443446161	0.0346810102909149	0.166191022856025	0.208681610443903	0.83469679682445	0.9618235196703
"GLYCOLYSIS-E-D"	2294.8866765307	0.352503216652518	0.290960567485207	1.21151542870303	0.22569792515355	0.567126510198548
"GLYCOLYSIS-TCA-GLYOX-BYPASS"	459.304164365011	3.56114056951658	1.1025735577344	3.22984398141573	0.00123857787526159	0.0362565523485667
"GLYOXYLATE-BYPASS"	311.814285772461	2.11886596854599	1.07956252486618	1.96270796710792	0.0496801168504475	0.245978061204502
"GOLPDLCAT-PWY"	98.8196787612422	1.69503709288413	1.00236600927347	1.69103608582329	0.0908299108142252	0.370218117495956
"HEME-BIOSYNTHESIS-II"	379.750321614319	1.19056665380309	0.827721638289186	1.43836599012183	0.150330237133377	0.499034395432448
"HEMESYN2-PWY"	700.113224339328	0.626531780686717	0.602868079825257	1.03925187226419	0.298687611545101	0.636293631140513
"HEXITOLDEGSUPER-PWY"	1367.20925806022	0.448970979252121	0.316659363078627	1.4178357932863	0.156238711432157	0.50522075598089
"HISDEG-PWY"	1670.39496727243	-0.125670444511296	0.456961892722601	-0.27501296390941	0.783306278440767	0.933176349684443
"HISTSYN-PWY"	7074.36399002649	-0.178649098439093	0.0649736826012385	-2.74956091892639	0.00596751691537708	0.0739054017981316
"HOMOSER-METSYN-PWY"	2892.53709540305	0.326953224114073	0.245959313628144	1.32929800173528	0.183749673278513	0.547846248108158
"HSERMETANA-PWY"	3361.67851163248	0.106277334249608	0.284482028865567	0.373581890825975	0.708715409020596	0.924686277399623
"ILEUSYN-PWY"	9051.46400551701	-0.0624500639546283	0.0499196037364582	-1.25101281421067	0.21092980231971	0.560760983217082
"KDO-NAGLIPASYN-PWY"	586.940828704464	1.46331459955771	1.1473343260451	1.27540383508075	0.202166341965439	0.560760983217082
"KETOGLUCONMET-PWY"	20.9809383482201	1.4852967656946	1.89077577451779	0.785548866085616	0.432131831363215	0.790165642058214
"LACTOSECAT-PWY"	92.7240348541151	0.900667724849973	0.869658356449883	1.03565695444666	0.300362210973161	0.636293631140513
"LEU-DEG2-PWY"	32.1594949504486	-2.41858753599522	2.89245340546809	-0.836171649791475	NA	NA
"LPSSYN-PWY"	9.98206025458499	21.1219168130679	3.0060929343276	7.02636853700346	NA	NA
"MET-SAM-PWY"	3821.60639171384	0.278065678555054	0.198993697241547	1.39735922498855	0.162305574263234	0.50522075598089
"METH-ACETATE-PWY"	2366.08393349697	-0.302014764460654	0.468191731718462	-0.645066420443036	0.518884143570574	0.823057607042979
"METHANOGENESIS-PWY"	207.0745404354	0.059835588686845	2.22560112150203	0.0268851359341798	0.978551349039297	0.999989930959547
"METHGLYUT-PWY"	111.84269019321	3.53796521708486	1.34068550437475	2.63892255531982	0.00831699782499491	0.0898645284885646
"NAD-BIOSYNTHESIS-II"	641.112345422129	0.570663305290012	0.570902749539545	0.999580586624033	0.317513521944309	0.651206076853933
"NAGLIPASYN-PWY"	3055.15951565671	-0.0282521477452332	0.271276110969383	-0.104145358189766	0.917053995909999	0.999989930959547
"NONMEVIPP-PWY"	7568.1027882102	-0.0767414847299319	0.0372030157005804	-2.06277591439273	0.0391339234163139	0.217260747242294
"NONOXIPENT-PWY"	10796.4315422197	0.00619749291651633	0.0647706601652086	0.095683645970391	0.92377182992282	0.999989930959547
"OANTIGEN-PWY"	5168.4870546521	-0.0448728230792336	0.155114159849863	-0.28928901863419	0.772360215098166	0.927985034558244
"ORNARGDEG-PWY"	135.383646778246	3.88692751117976	1.30361398437859	2.98165527353757	0.0028669462112445	0.048633864327073
"ORNDEG-PWY"	121.158905239981	3.56948682303671	1.33761814555108	2.66853947437003	0.00761818258967692	0.0898645284885646
"P105-PWY"	603.649921655381	3.6860439365154	1.01306987707977	3.63848932823925	0.00027424198979712	0.0294353069048908
"P108-PWY"	3429.09530284795	-0.434590709323539	0.277430696379566	-1.5664838642403	0.117235383193245	0.428225521782507
"P122-PWY"	1561.4174363909	0.962619873145619	0.343440778490647	2.8028700533936	0.00506500726083364	0.0652372935195373
"P124-PWY"	2212.98142327526	1.1042314468439	0.320910291030019	3.44093498310594	0.000579707812361512	0.0362565523485667
"P125-PWY"	105.699196020997	2.87316627100844	0.920022288503124	3.12293115820388	0.00179059624769847	0.0480476659799089
"P161-PWY"	4857.95358905792	-0.00692605018798884	0.148585370881078	-0.0466132711916315	0.962821454647248	0.999989930959547
"P162-PWY"	251.321105126668	-0.353434175729067	0.523752056289941	-0.674812005956902	0.499795211598169	0.803793367699392
"P163-PWY"	475.491924349076	0.244585508343976	0.7055421320052	0.346663221441996	0.728844343740602	0.92586666681394
"P164-PWY"	2556.21255693898	0.523743764278952	0.332420174266871	1.5755474692053	0.115130130509351	0.426113816367944
"P221-PWY"	355.815811716709	-0.346334566174978	0.700978008056887	-0.494073369198869	0.621254364637869	0.878081969973572
"P23-PWY"	1878.78328546619	0.747965273705243	0.300568098738232	2.48850519015544	0.0128281364746354	0.111639457968449
"P241-PWY"	191.967534173252	0.0386319725468211	2.23341243600228	0.0172972855009131	0.98619945113682	0.999989930959547
"P261-PWY"	191.47496359281	0.262126516240496	2.06367849204312	0.127019066802882	0.898925307653077	0.999989930959547
"P281-PWY"	20.8200907832363	-1.32068495774086	2.48809913932546	-0.5308007775361	NA	NA
"P341-PWY"	11.3461851073581	4.70937645727539	2.47278674007216	1.90448144231717	0.0568475113078337	0.265288386103224
"P4-PWY"	3998.4115314943	0.0739816844559723	0.196380344926467	0.376726522624624	0.706376850408009	0.924686277399623
"P42-PWY"	6257.11886868256	-0.0776039489380062	0.127209865029879	-0.610046625863319	0.541830921664434	0.831891727407956
"P441-PWY"	3305.73453597885	0.225708757930153	0.21279470720929	1.06068783801169	0.288831788883272	0.635708215337558
"P461-PWY"	1147.09019062088	0.178757411909876	0.38247302969482	0.467372593702905	0.640233327048279	0.881004834656178
"P562-PWY"	235.062578553012	-0.368182573275341	0.732845917475079	-0.502401070260259	0.615385426350141	0.878081969973572
"PANTO-PWY"	5060.29125525948	-0.0662839309198972	0.085850952106859	-0.77208148882721	0.44006616517933	0.790165642058214
"PANTOSYN-PWY"	5645.41857568627	-0.0583274456295726	0.0779537440570716	-0.748231484389894	0.454320543398276	0.790165642058214
"PENTOSE-P-PWY"	3022.66160523593	0.221343552039764	0.346302269236895	0.63916286926884	0.522716984361583	0.825072887080538
"PEPTIDOGLYCANSYN-PWY"	7542.24604099986	-0.0108563313943295	0.0362178212322713	-0.299751090069885	0.764367025138093	0.926834334115066
"PHOSLIPSYN-PWY"	7867.83795195243	-0.0542112069383347	0.037231567614628	-1.45605491284862	0.145377440076698	0.499034395432448
"POLYAMINSYN3-PWY"	914.227368734754	0.84693363513863	0.428403438802744	1.9769534005272	0.0480468978195816	0.245573033300084
"POLYAMSYN-PWY"	1079.27305601267	0.583722444915869	0.449668721246573	1.2981166297217	0.194247260676358	0.557439005213643
"POLYISOPRENSYN-PWY"	4834.23080323672	-0.0710638912251384	0.146627634633753	-0.48465551123867	0.62792072960555	0.878081969973572
"PPGPPMET-PWY"	313.966060443858	1.27462780982014	1.22832147979748	1.03769886856517	0.299410271880417	0.636293631140513
"PROTOCATECHUATE-ORTHO-CLEAVAGE-PWY"	8.7251866942345	6.59515049073247	2.21586667133352	2.97633001843179	0.00291720750413842	0.048633864327073
"PRPP-PWY"	2933.21332778527	-0.322645427026166	0.320520376171102	-1.00663000237442	0.31411261111945	0.651206076853933
"PWY-1269"	3040.16175379922	0.00113365383249248	0.247793844543742	0.00457498786775698	0.996349700548235	0.999989930959547
"PWY-1541"	24.696886724996	5.16276968516143	2.84342931393803	1.81568420211973	0.0694188287900659	0.298038171605349
"PWY-1622"	8.03590430060953	-1.70086205933565	2.90626408786757	-0.585240022211344	NA	NA
"PWY-181"	309.127387562175	0.607676877072028	2.88576932492904	0.210577079679427	0.833217299035127	0.9618235196703
"PWY-1861"	1623.56263786758	0.65822421624472	0.653494781822864	1.00723714183098	0.31382082836022	0.651206076853933
"PWY-2941"	1681.86759800683	0.451214616080063	0.371644031311717	1.21410429891071	0.224707898622052	0.567126510198548
"PWY-2942"	8667.09430603073	-0.0462873518641528	0.0225194744818765	-2.05543659117821	0.0398368542862115	0.2174146962739
"PWY-3001"	8425.64804287454	-0.0559741407404654	0.035500461249826	-1.57671587269137	0.114860916465881	0.426113816367944
"PWY-3661"	113.985698993861	-24.9631269046695	3.00343094567852	-8.31153682443996	NA	NA
"PWY-3781"	484.825591833069	0.819040864543755	2.35932701908131	0.347150207631105	0.72847847586671	0.92586666681394
"PWY-4984"	678.655186406586	-0.192082612477403	0.581105230971554	-0.330547037334801	0.740986657295452	0.92586666681394
"PWY-5005"	392.944051910691	0.153917922438167	0.954838963429864	0.161197781336112	0.871937628504213	0.988870517802666
"PWY-5022"	384.658744067445	1.25313763473588	0.542174170385715	2.3113193198495	0.0208152236520211	0.157086605272684
"PWY-5028"	42.9230749998941	0.483145699963297	2.40377376635942	0.200994663776132	NA	NA
"PWY-5088"	7.46805989417099	20.722960215796	3.00707393683747	6.89140362062074	NA	NA
"PWY-5097"	8561.26242077027	-0.0567914829324193	0.02855345934813	-1.98895280042972	0.0467064129666428	0.242572015729984
"PWY-5100"	7622.550350412	-0.0328891490435779	0.0451511525263212	-0.728423245107751	0.466354538124225	0.790764596763895
"PWY-5101"	9736.11982441945	-0.0564161573512632	0.0474830202055191	-1.18813329706238	0.234780897909931	0.572723099446952
"PWY-5103"	8427.03492970948	-0.0857950446558905	0.055975572806648	-1.53272294242071	0.125344133883151	0.438704468591029
"PWY-5104"	8928.70807488578	-0.0630304692154606	0.0525914635923773	-1.19849239610431	0.230725381478291	0.567126510198548
"PWY-5121"	7413.48200652487	-0.0688845718651602	0.0329934741747489	-2.08782414062597	0.0368137011034493	0.211678781344834
"PWY-5154"	3673.91005095871	-0.078981428964111	0.209054521484014	-0.377803017143308	0.705576932203848	0.924686277399623
"PWY-5177"	389.553249110994	2.14495447024855	0.830819462954828	2.58173353645325	0.00983054543087941	0.0931010479042109
"PWY-5181"	6.50655634898841	6.17144151348341	2.54739137233657	2.4226514937996	0.0154076999939645	0.124768375001342
"PWY-5188"	3387.15977840143	-0.172832296715569	0.248889526591556	-0.694413698649515	0.487422805391041	0.796701235207691
"PWY-5189"	3165.98530852895	-0.155660835548337	0.25145592928132	-0.619038238601997	0.535891168514395	0.831891727407956
"PWY-5198"	142.091450819302	0.0486880202612484	2.26976996816963	0.0214506407891682	0.982886177335567	0.999989930959547
"PWY-5265"	214.2725792478	3.78863450818032	1.30166077352631	2.91061587261064	0.00360717186763138	0.0505004061468393
"PWY-5304"	1707.68861915742	0.267156646501556	0.355984497513033	0.750472698580856	0.452970060750231	0.790165642058214
"PWY-5345"	1962.46458106436	-0.381561817369471	0.441196209774241	-0.864834758133383	0.387129490647464	0.733268799932256
"PWY-5347"	4643.63997903655	0.201749155352804	0.156500690041463	1.28912629905563	0.197354181970047	0.557439005213643
"PWY-5384"	2991.7796098467	-0.100474948165788	0.241095421379997	-0.416743493471105	0.676866037676848	0.90436043208276
"PWY-5417"	5.12265463716833	5.82545050213906	2.54255647296856	2.29117841199317	0.0219530970101577	0.157086605272684
"PWY-5431"	5.12265463716833	5.82545050213906	2.54255647296856	2.29117841199317	0.0219530970101577	0.157086605272684
"PWY-5484"	5811.73853119467	0.0801042547549941	0.251300433559427	0.318758919833106	0.749909331694016	0.92586666681394
"PWY-5505"	6113.33796981212	-0.144491506269103	0.147404293346106	-0.980239469211634	0.326967925977516	0.662161460155723
"PWY-5507"	6.45802428259596	-0.0246330355029945	2.90401637934258	-0.00848240239904258	0.993232103247044	0.999989930959547
"PWY-5509"	5772.13476858903	-0.0859210203698361	0.0734693242970694	-1.16948156515526	0.242209664343952	0.582026208348901
"PWY-5532"	21.3592210614881	2.29813958547641	2.21217954184368	1.03885762525455	0.298870956412984	0.636293631140513
"PWY-5659"	5872.10492403877	0.00635283016100109	0.130045082135502	0.0488509834949522	0.961038051691593	0.999989930959547
"PWY-5667"	8537.33394019335	-0.0688671865162862	0.0321088477293601	-2.14480404581179	0.031968517603083	0.194223823928165
"PWY-5676"	1812.74467376464	-0.0286373499056143	0.30283369671373	-0.0945646082862614	0.924660662312973	0.999989930959547
"PWY-5677"	431.704770608557	0.909563553805247	0.430431173271023	2.11314516765387	0.0345883447507234	0.206249018698758
"PWY-5686"	8647.20136462882	-0.0422664374760418	0.0293293730583517	-1.44109583903997	0.149557608915696	0.499034395432448
"PWY-5695"	6531.69827568582	0.0243135223022948	0.120592360700381	0.201617433816586	0.840215814897962	0.962809581484497
"PWY-5705"	275.479074082517	0.696473781271242	0.744219787263646	0.935844213215619	0.349353403621857	0.688673048436477
"PWY-5741"	28.8078254381281	-3.91465870518485	2.90334765609999	-1.34832585307518	NA	NA
"PWY-5823"	2.82805541396906	4.96823158413245	3.01349438791368	1.64866130299054	NA	NA
"PWY-5837"	670.466820386566	0.0720953034351538	0.752458145409218	0.0958130413964026	0.923669059478222	0.999989930959547
"PWY-5838"	1316.75249945933	0.209882624003334	0.594239638728192	0.35319526050556	0.723942060785495	0.92586666681394
"PWY-5840"	1332.23834242633	0.205417179292518	0.59522465222113	0.345108655237962	0.730012686799139	0.92586666681394
"PWY-5845"	501.095306924771	1.92236742715586	0.590614150357594	3.25486178411394	0.00113447562824994	0.0362565523485667
"PWY-5850"	501.095306924771	1.92236742715586	0.590614150357594	3.25486178411394	0.00113447562824994	0.0362565523485667
"PWY-5855"	310.270028799359	0.516942547680938	0.730035122819016	0.708106406832557	0.478879181270061	0.790764596763895
"PWY-5856"	310.270028799359	0.516942547680938	0.730035122819016	0.708106406832557	0.478879181270061	0.790764596763895
"PWY-5857"	310.270028799359	0.516942547680938	0.730035122819016	0.708106406832557	0.478879181270061	0.790764596763895
"PWY-5860"	374.316584052551	2.08160575815818	0.636505107365857	3.27036772222111	0.00107407762263909	0.0362565523485667
"PWY-5861"	1064.39643808213	0.1999292743386	0.64103180747006	0.311886667726605	0.755126655100979	0.92586666681394
"PWY-5862"	374.316584052551	2.08160575815818	0.636505107365857	3.27036772222111	0.00107407762263909	0.0362565523485667
"PWY-5863"	750.703314335117	0.0803881660594751	0.739693583812279	0.108677657639215	0.913458163495998	0.999989930959547
"PWY-5896"	501.095306924771	1.92236742715586	0.590614150357594	3.25486178411394	0.00113447562824994	0.0362565523485667
"PWY-5897"	1247.73748653719	0.197704069866068	0.612525503915815	0.322768715101926	0.746870407655989	0.92586666681394
"PWY-5898"	1247.73748653719	0.197704069866068	0.612525503915815	0.322768715101926	0.746870407655989	0.92586666681394
"PWY-5899"	1247.73748653719	0.197704069866068	0.612525503915815	0.322768715101926	0.746870407655989	0.92586666681394
"PWY-5910"	215.192501666872	3.9110435119104	1.31762472084884	2.96825298586597	0.00299497716438448	0.048633864327073
"PWY-5913"	3684.30386896252	-0.18798895563688	0.245202854910452	-0.766667075330481	0.443279484051812	0.790165642058214
"PWY-5918"	693.066266686133	1.01961111888049	0.703736709895645	1.44885310733852	0.147378609016032	0.499034395432448
"PWY-5920"	209.924237692766	1.50884256355768	1.3278769126817	1.13628194687902	0.25583858382443	0.597163413958031
"PWY-5971"	2840.25130900067	0.741437568313205	0.531699947143862	1.39446613131333	0.163176890130474	0.50522075598089
"PWY-5973"	8551.6569821348	-0.086834833409719	0.0496347167690756	-1.74947776601035	0.0802084688109088	0.335417233209255
"PWY-5989"	3298.95061323699	0.49167619299691	0.674881137782467	0.728537464556301	0.466284643522434	0.790764596763895
"PWY-6071"	9.18528646130263	6.66975626397024	2.55522363123071	2.61024365243436	0.00904777546874111	0.0898645284885646
"PWY-6121"	8247.16262954472	-0.0471177830997223	0.0289280952525817	-1.62878968312015	0.103357549470042	0.39620393963516
"PWY-6122"	8260.56441385429	-0.0399951949424179	0.0365904723494746	-1.09304942992878	0.274372097557265	0.616724057155514
"PWY-6123"	7825.65019488429	-0.0181389810961616	0.0448167263463151	-0.404736859983818	0.685670944814695	0.912339025745172
"PWY-6125"	4580.06209533724	-0.0826272418273849	0.159837805310522	-0.516944296544001	0.605195044296836	0.878081969973572
"PWY-6126"	8421.04857635321	-0.00020307371450935	0.0294099696367936	-0.00690492771727628	0.994490708559651	0.999989930959547
"PWY-6141"	149.810567314283	-2.85621022721635e-05	2.26330011608409	-1.26196707494457e-05	0.999989930959547	0.999989930959547
"PWY-6147"	4985.18097304921	-0.0272845742049	0.132102407874847	-0.206541081603517	0.836368277974174	0.9618235196703
"PWY-6148"	229.19723365336	0.0474802824432942	2.83083327264357	0.0167725464096141	0.986618071607614	0.999989930959547
"PWY-6151"	5771.36217459715	0.110246391787878	0.1478900113194	0.745462055241695	0.455992441673309	0.790165642058214
"PWY-6163"	7980.04312138229	-0.0609575232930898	0.0298923266556236	-2.0392364901988	0.0414264306885539	0.222321844695239
"PWY-6165"	124.775359558243	2.86725886434228	1.8591569071016	1.54223608205953	0.123016234921192	0.435288215874988
"PWY-6167"	400.473753532113	-0.0178185652956508	2.885662538712	-0.00617486107838652	0.995073204989359	0.999989930959547
"PWY-6174"	174.926644944467	0.120634874159254	2.23703178922057	0.0539263119731017	0.956993873238975	0.999989930959547
"PWY-6182"	5.01071878165819	5.79350168829649	2.5378800360525	2.28281148281062	0.022441475282779	0.157090326979453
"PWY-6185"	5.22365661623866	5.85371423857038	2.5432740599629	2.30164508446871	0.021355195444985	0.157086605272684
"PWY-621"	7294.45360433447	0.0138247507433643	0.205027026861498	0.0674289187869038	0.946240247709371	0.999989930959547
"PWY-6263"	729.539623467914	-1.48381032844698	1.03904113653392	-1.42805734660009	0.153275353093871	0.503619017308433
"PWY-6269"	5828.46259490729	-0.0826688786759733	0.0724619374281072	-1.14085934781958	0.253928458789202	0.597163413958031
"PWY-6277"	8260.56441385429	-0.0399951949424179	0.0365904723494746	-1.09304942992878	0.274372097557265	0.616724057155514
"PWY-6282"	3271.77241169855	0.498651504618136	0.669567782158391	0.744736407433918	0.456431085164062	0.790165642058214
"PWY-6317"	6817.25885645709	-0.0316430214700337	0.0999145283143919	-0.316700904301579	0.75147056255635	0.92586666681394
"PWY-6349"	164.815631346611	-0.0312378993522342	2.25082858428552	-0.01387839996805	0.988926994399895	0.999989930959547
"PWY-6350"	158.062915749735	-0.0171527174448218	2.25680963078051	-0.007600427262839	0.993935794816178	0.999989930959547
"PWY-6353"	3064.73709781173	0.462634827090614	0.235881736752252	1.96129990163894	0.0498440487667275	0.245978061204502
"PWY-6383"	5.39021976615059	1.71659266147389	1.5219931379926	1.12785834483981	0.259379748242412	0.60086531607235
"PWY-6385"	7427.17838854136	-0.0111591918557536	0.0427736137948927	-0.260889620158446	0.794177629643002	0.934546552429942
"PWY-6386"	7507.70386071976	-0.0014471838830645	0.0467464135455561	-0.0309581799607828	0.975302891229902	0.999989930959547
"PWY-6387"	7580.41805487525	-0.00232555058736053	0.0378818391889886	-0.0613895902930847	0.951048942467051	0.999989930959547
"PWY-6396"	88.9588992123509	2.86451781082105	0.947587819413569	3.02295761103578	0.00250317303498687	0.048633864327073
"PWY-6467"	2670.21978149784	-0.0371391547439306	0.291376260610145	-0.127461155092597	0.898575416110173	0.999989930959547
"PWY-6470"	301.644008898735	2.27979636871466	1.17177650699901	1.94558975632081	0.0517040384804115	0.245978061204502
"PWY-6471"	3445.27066370427	0.141244377314066	0.184265052353032	0.766528299915805	0.443362019637695	0.790165642058214
"PWY-6478"	1335.66083768087	0.0651547849577618	0.576382697492748	0.113040841165399	0.909998176139865	0.999989930959547
"PWY-6507"	4111.76922190873	0.0748264773098412	0.251032197210295	0.298075219598852	0.765645754268967	0.926834334115066
"PWY-6519"	1964.95790740483	0.150122488272732	0.291623508163638	0.514781847382803	0.606705471610737	0.878081969973572
"PWY-6545"	2581.26805147112	0.0740200503959528	0.238429779310852	0.310448009514153	0.756220289975361	0.92586666681394
"PWY-6562"	9.3982242958831	6.70286365414696	2.55498810236446	2.62344221796726	0.00870462087712664	0.0898645284885646
"PWY-6572"	1263.22011894685	-0.457053862700078	0.670951089000893	-0.681202952335428	0.495743080185448	0.802157144822685
"PWY-6588"	2021.16275741855	0.413344728915763	0.390590644598142	1.05825557942134	0.289938938515232	0.635708215337558
"PWY-6590"	576.887118414415	1.54884850170582	0.698683685174718	2.21680931524614	0.0266361246937026	0.175037390844331
"PWY-6608"	3068.93082660159	0.345274880840992	0.24510253806457	1.40869565679501	0.158925179736227	0.50522075598089
"PWY-6609"	7269.00085381626	-0.0156734464157675	0.0497428836662931	-0.315089220016172	0.752693913143156	0.92586666681394
"PWY-6612"	5473.10605426857	-0.0845532802865449	0.0960961151609935	-0.879882398418391	0.378923020912914	0.726269123416419
"PWY-6628"	3474.00200516911	0.376636002765993	0.286477763582594	1.31471287005285	0.188606419539857	0.55210242810758
"PWY-6629"	635.107988558201	3.31881604869857	1.12480105001514	2.95058050368453	0.00317177376046128	0.048633864327073
"PWY-6630"	3402.89581586853	0.367465071438428	0.278899821482242	1.31755219306164	0.187653598215469	0.55210242810758
"PWY-6641"	162.495295701817	-0.311714614569177	1.98864401983738	-0.156747316995763	0.875443994401131	0.989098127007593
"PWY-6654"	248.999409204414	-0.0117899220375466	2.85562850549212	-0.00412866099875089	0.996705814491004	0.999989930959547
"PWY-6700"	4433.36898626281	-0.0123423000002613	0.170719219449069	-0.0722959022428252	0.942366425701572	0.999989930959547
"PWY-6703"	3893.88747411098	-0.0586730699504029	0.181895291110864	-0.322565084516905	0.747024639843213	0.92586666681394
"PWY-6708"	310.270028799359	0.516942547680938	0.730035122819016	0.708106406832557	0.478879181270061	0.790764596763895
"PWY-6728"	13.3938290670874	0.487814718938108	2.89463724343419	0.168523610357257	NA	NA
"PWY-6737"	9337.8030134605	-0.0597650057923903	0.087521027173823	-0.682864538069152	0.494692443887461	0.802157144822685
"PWY-6749"	711.800541864975	-0.421301797435731	0.423537027560529	-0.994722468215654	0.319871263661967	0.651889537336414
"PWY-6876"	117.666232229165	2.8380232191731	1.414093238033	2.00695621960598	0.0447543248410992	0.236244140964491
"PWY-6891"	967.291457153299	0.758211931155973	0.429171180343565	1.76668883159629	0.0772803547943245	0.32742466110227
"PWY-6892"	5812.36013412954	-0.216270149435089	0.0988499838523016	-2.18786226367252	0.0286796368118053	0.182863633383996
"PWY-6895"	2526.72989848652	0.300012667942779	0.299527433712351	1.0016199992916	0.316527158085435	0.651206076853933
"PWY-6897"	5915.45807952411	-0.062851738773746	0.0797981583039829	-0.787633951830301	0.4309108492632	0.790165642058214
"PWY-6901"	3164.24313191963	0.106127751845479	0.351160959846377	0.30221967695927	0.762484605118981	0.926834334115066
"PWY-6906"	10.7574842253509	2.83203518601145	2.18489269601263	1.2961895983175	0.194910172256222	0.557439005213643
"PWY-6969"	5622.43045982221	-0.121264129469528	0.116043732117512	-1.04498646550534	0.296029224920948	0.636293631140513
"PWY-7003"	610.064856975272	1.45136993703196	0.867461315552556	1.67312352840479	0.0943029805885474	0.374398063212953
"PWY-7013"	235.193602137027	0.937807051022678	0.736725536872106	1.27293951965382	0.203039504226014	0.560760983217082
"PWY-7090"	89.3260723625631	-1.55002729272433	1.22083032792946	-1.26965005477313	0.204209311027772	0.560760983217082
"PWY-7094"	18.1470112015008	0.169641770905515	2.89204504387085	0.0586580666387058	NA	NA
"PWY-7111"	9855.06412373568	-0.0803084545659208	0.085309470960714	-0.941377946217762	0.346511211155844	0.688673048436477
"PWY-7184"	3215.58078126314	-0.109783169634324	0.215821023746339	-0.508676901483681	0.610978715665338	0.878081969973572
"PWY-7187"	3998.27503082149	-0.110486639379564	0.188145718105374	-0.587239722977298	0.557042717436253	0.850084146988025
"PWY-7196"	4691.24627511302	-0.0994493831882131	0.163304999580289	-0.608979415472942	0.542538083092145	0.831891727407956
"PWY-7197"	3097.56539683395	-0.0928412782187567	0.243459781729011	-0.381341335145434	0.702949985675122	0.924686277399623
"PWY-7198"	1248.77991291363	-0.369175911956504	0.486229965858003	-0.759261949857524	0.447695874230497	0.790165642058214
"PWY-7199"	4805.22214408364	0.0469617966747002	0.112366500796624	0.417934138215249	0.675995271927529	0.90436043208276
"PWY-7200"	3336.59589330828	-0.0760305043761922	0.173456286677383	-0.438326599932371	0.66114954613104	0.90436043208276
"PWY-7208"	8857.97319600519	-0.0296139955951059	0.0417484834012942	-0.709343027157434	0.478111633555384	0.790764596763895
"PWY-7210"	1420.45981740963	-0.329386962498482	0.439565168911133	-0.749347277252249	0.45364791946987	0.790165642058214
"PWY-7211"	2996.77394357713	-0.228660695573123	0.252185372389512	-0.906716727487056	0.364556615342881	0.711437758426713
"PWY-7219"	8836.01793824	-0.0420580362803563	0.030778637803387	-1.36646841062369	0.171791989343685	0.516981500641745
"PWY-7220"	8130.65741710912	0.0955150780334271	0.0521920475962253	1.83006956868914	0.0672395367196961	0.292582848969488
"PWY-7221"	7828.00198751364	-0.0528831662123791	0.0364548308729564	-1.45064906203172	0.146877606204107	0.499034395432448
"PWY-7222"	8130.65741710912	0.0955150780334271	0.0521920475962253	1.83006956868914	0.0672395367196961	0.292582848969488
"PWY-7228"	4204.47217881949	-0.0863195662159563	0.17465789388761	-0.49422081243864	0.621150242849127	0.878081969973572
"PWY-7229"	8719.14777168976	-0.00692588642292088	0.0268952493844421	-0.257513374348083	0.796782492118838	0.934546552429942
"PWY-7234"	1774.82798925909	0.667041111637207	0.483316423465825	1.38013334381213	0.167545592504522	0.508959252702415
"PWY-7237"	798.724743348027	-0.460951385359989	0.57237916983982	-0.805325227836272	0.420632027408798	0.782910478760885
"PWY-7242"	5091.62144392302	-0.000594444641434047	0.20498825986213	-0.00289989603225987	0.997686220970841	0.999989930959547
"PWY-7254"	808.198949758855	0.455117349020573	0.521587885941695	0.872561194934363	0.382902299467028	0.729553493659071
"PWY-7286"	178.140697955323	0.0137208261752843	2.2450075056627	0.00611170614827592	0.99512359438217	0.999989930959547
"PWY-7315"	2093.23680630044	-0.341197386254698	0.397512542637349	-0.858331120801823	0.390709649681358	0.735722264312265
"PWY-7323"	3946.04961829456	-0.0509523500157451	0.199220819225946	-0.255758159281323	0.798137583597	0.934546552429942
"PWY-7328"	1712.10644985622	-0.185489919211836	0.391192821105138	-0.474164936585028	0.635382295042988	0.878081969973572
"PWY-7332"	607.224093135135	-0.0141025501775953	0.826615376027652	-0.0170605950319554	0.986388274942732	0.999989930959547
"PWY-7371"	331.675405251859	-1.57488063673888	1.12916699101603	-1.39472783854742	0.163097926708939	0.50522075598089
"PWY-7373"	1.05199329513524	-0.02021933594955	2.65994238040205	-0.0076014187745277	0.993935003727162	0.999989930959547
"PWY-7374"	209.006331822793	-1.08526277768045	1.22504838889406	-0.885893804293064	0.375674755095326	0.72435491701015
"PWY-7377"	896.293121344894	0.247852940781581	0.869332249767789	0.285107265775296	0.775561963689171	0.928367852445774
"PWY-7391"	26.0369064559913	3.40062362921228	2.90000154377062	1.17262821342872	0.24094493028516	0.582026208348901
"PWY-7392"	2497.49561583022	0.872045512820963	0.461450246037201	1.8897931473866	0.0587856304088656	0.270413899880782
"PWY-7400"	6155.1949652256	-0.125417893044228	0.0995664337060997	-1.25964030623449	0.207799148413826	0.560760983217082
"PWY-7431"	113.777445754881	-0.533300966661234	1.39273984117407	-0.382914993091362	NA	NA
"PWY-7446"	1.01163823475648	-0.997323257852407	2.29349132967868	-0.434849369145919	0.663671767304781	0.90436043208276
"PWY-7456"	1957.12107447479	-0.236225587747824	0.379034708594945	-0.62322943622629	0.533133760541782	0.831891727407956
"PWY-7539"	5040.57319315932	-0.0387528365467607	0.133129137019611	-0.291092073563522	0.770980901950672	0.927985034558244
"PWY-7560"	7568.1027882102	-0.0767414847299319	0.0372030157005804	-2.06277591439273	0.0391339234163139	0.217260747242294
"PWY-7663"	9072.02640874312	-0.075095256213474	0.0530690645736639	-1.41504767074302	0.157054519493171	0.50522075598089
"PWY-7664"	3501.14461224488	0.497126954487175	0.63803258728143	0.779156056284469	0.435887792409593	0.790165642058214
"PWY-841"	5412.32958470998	-0.0674204052150437	0.121589452350008	-0.554492218790221	0.579242029468012	0.871569782657476
"PWY-922"	157.563677691462	3.97803750959814	1.34511794159133	2.95738937575389	0.00310256054519678	0.048633864327073
"PWY0-1061"	3722.65731371192	0.0738129124970399	0.200073554137325	0.368928881257224	0.712180735388529	0.924686277399623
"PWY0-1241"	968.78326880365	0.119514046134668	0.517982202691827	0.230730024146742	0.817524546889676	0.950335393857313
"PWY0-1261"	2566.59557005028	0.737008354492338	0.434909723023803	1.69462377011976	0.0901468148894046	0.370218117495956
"PWY0-1296"	5185.23086353713	-0.0932905828537379	0.134299852536355	-0.694643970874684	0.487278448926085	0.796701235207691
"PWY0-1297"	4600.00062237463	-0.0489323616035904	0.132604770870945	-0.369009058137228	0.712120973102662	0.924686277399623
"PWY0-1298"	4544.44596371939	-0.0603550522446511	0.127264811075086	-0.474247765229006	0.635323235463345	0.878081969973572
"PWY0-1319"	8537.33394019335	-0.0688671865162862	0.0321088477293601	-2.14480404581179	0.031968517603083	0.194223823928165
"PWY0-1338"	101.31149217808	3.37443863895922	1.09335532818329	3.08631471578974	0.00202654202993532	0.048633864327073
"PWY0-1415"	363.791843256859	1.2154909997852	0.737721165947056	1.64762928853316	0.0994287664568474	0.385735696374757
"PWY0-1479"	685.051701859322	1.02951734412831	0.555948694986033	1.85182077665309	0.0640515631448187	0.286452824064328
"PWY0-1533"	289.518885450688	0.773356220064417	0.680729242522502	1.13607021963487	0.255927177410585	0.597163413958031
"PWY0-1586"	5318.54847496425	0.104241998411203	0.156283585232407	0.667005420026591	0.504768671364351	0.804631248412481
"PWY0-162"	5375.22877183839	-0.0939958916591705	0.139928179659992	-0.671743832354345	0.50174679163844	0.803793367699392
"PWY0-166"	3937.96419475372	-0.0977467983439092	0.189125365200405	-0.516836005790829	0.605270643118874	0.878081969973572
"PWY0-321"	9.07335060579249	6.65204839395356	2.55431424179304	2.60424042003698	0.00920781409041181	0.0898645284885646
"PWY0-41"	74.7814235646029	-0.38666120790248	1.51169565976959	-0.255779796286121	0.798120875310461	0.934546552429942
"PWY0-781"	3446.05623175237	0.244704301893853	0.22096824943078	1.10741838487754	0.268113080796917	0.61228661004686
"PWY0-845"	1881.66285204052	-0.25812518752682	0.418359178174292	-0.616994202573184	0.537238549657082	0.831891727407956
"PWY0-862"	3247.9122676929	0.493610145464695	0.670994244245708	0.73563991002573	0.461949867654394	0.790764596763895
"PWY490-3"	1234.66923191604	-0.244774776837745	0.262315772284163	-0.93313022967061	0.350752732744044	0.688673048436477
"PWY4FS-7"	7498.09672004346	-0.0550704175949795	0.0445055840714247	-1.2373822014469	0.215945223350678	0.560760983217082
"PWY4FS-8"	7498.09672004346	-0.0550704175949795	0.0445055840714247	-1.2373822014469	0.215945223350678	0.560760983217082
"PWYG-321"	3368.83571662965	0.49178820234597	0.597771074315377	0.822703244564338	0.410676769798523	0.768825115553049
"PYRIDNUCSAL-PWY"	6221.13657789718	-0.0566033157744262	0.0997583285474212	-0.567404412229293	0.570439452878966	0.866422187863335
"PYRIDNUCSYN-PWY"	6127.41896321092	-0.144793255094903	0.0551737299471829	-2.62431514478923	0.00868234084414029	0.0898645284885646
"PYRIDOXSYN-PWY"	1423.13549116564	-0.339746662603905	0.470327468430307	-0.722361940155849	0.470071980248671	0.790764596763895
"REDCITCYC"	623.747015781535	0.960096096134907	0.609083329455009	1.57629678847716	0.114957421429291	0.426113816367944
"RHAMCAT-PWY"	2853.45387038062	-0.0178314741746503	0.359068846661518	-0.0496603209675259	0.960393076703192	0.999989930959547
"RIBOSYN2-PWY"	6010.39772047717	-0.135462806288927	0.0597282180268497	-2.2679867366549	0.023330015087963	0.157536298882591
"RUMP-PWY"	893.190557141111	0.765760064210145	0.618040512355387	1.23901273282522	0.215340782714383	0.560760983217082
"SALVADEHYPOX-PWY"	2551.00375459315	0.698461848918037	0.33288407368332	2.09821347470802	0.0358862918247183	0.210097926682896
"SER-GLYSYN-PWY"	7526.02148307284	0.00316500667284591	0.0404232773660703	0.0782966369644856	0.937592092565902	0.999989930959547
"SO4ASSIM-PWY"	1405.566513798	-0.17890020530762	0.375578998434519	-0.476331759904863	0.633838042215242	0.878081969973572
"SULFATE-CYS-PWY"	2492.57130706171	-0.145668093377285	0.285000363719302	-0.511115464823596	0.609270207663712	0.878081969973572
"TCA"	4701.34108185859	-0.120806548587152	0.157902883880986	-0.765068665105605	0.44423065767109	0.790165642058214
"TCA-GLYOX-BYPASS"	263.161620504337	3.74975261036774	1.15585705842741	3.24413177479699	0.00117809230399282	0.0362565523485667
"TEICHOICACID-PWY"	1319.41858976302	-0.0599517042182515	0.334945561887253	-0.178989397203692	0.857946027058372	0.979640498981545
"THISYN-PWY"	4935.1829415855	-0.201154387084894	0.167706455661849	-1.1994433147552	0.230355613684989	0.567126510198548
"THREOCAT-PWY"	39.2575477647686	7.3101003876808	1.78997568223378	4.08391044651413	4.42841028363234e-05	0.0142594811132961
"THRESYN-PWY"	8200.77102189002	-0.0301418103078318	0.0316099204005352	-0.953555400516651	0.340308740531873	0.684871340320394
"TRNA-CHARGING-PWY"	7713.29844143971	-0.029525818289947	0.0328794755848312	-0.898001496823405	0.369184751466262	0.716129457663472
"TRPSYN-PWY"	6184.71824709624	-0.190924224882621	0.0788780089546059	-2.42050005334817	0.0154991770188003	0.124768375001342
"TYRFUMCAT-PWY"	60.954525221472	0.997525450365405	2.88759164228475	0.345452395608172	0.72975429269443	0.92586666681394
"UBISYN-PWY"	293.917308095567	0.449699147255961	0.734407642977675	0.612329067590642	0.540320061668636	0.831891727407956
"UDPNAGSYN-PWY"	4347.1991283161	0.0164877345694439	0.227866195907094	0.0723570887898014	0.942317733424739	0.999989930959547
"VALSYN-PWY"	9051.46400551701	-0.0624500639546283	0.0499196037364582	-1.25101281421067	0.21092980231971	0.560760983217082
