pathway	description	Buffington_201_001	Buffington_201_002	Buffington_201_003	Buffington_201_005	Buffington_201_006	Buffington_201_007	Buffington_201_008	Buffington_201_009	Buffington_201_010	Buffington_201_011	Buffington_201_013	Buffington_201_014
1CMET2-PWY	N10-formyl-tetrahydrofolate biosynthesis	6793.081618880402	5509.690186992997	8191.240560010737	9417.447296814078	6691.992692440659	9604.181177156175	5167.192117658717	5308.986453932098	7674.445807161494	7086.207086506568	5296.624510204779	9244.245673845371
3-HYDROXYPHENYLACETATE-DEGRADATION-PWY	4-hydroxyphenylacetate degradation	12.36350182918847	13.910137992874386	0.2399381389642915	0.3144353549528488	0.0	0.0	0.1864311925518828	0.0	3.2915167988457847	0.0	46.82709037782172	0.9964791877637748
ALL-CHORISMATE-PWY	superpathway of chorismate metabolism	1809.0346988528968	301.31032766651015	103.86799370837971	36.788477770632845	235.2426027975099	22.09065950831268	171.282898541214	0.0	508.9200626317735	330.0506178594444	655.35591858326	486.8512146569373
ANAEROFRUCAT-PWY	homolactic fermentation	6051.444178892594	5901.883496649752	5443.229097303013	9578.311981274424	6991.774904979237	9532.71358927782	2662.413979928209	4566.230213096751	8419.585864870147	6990.765474555951	3124.479524437372	9096.367285292745
ANAGLYCOLYSIS-PWY	glycolysis III (from glucose)	9272.25265185785	7283.7347334632195	10091.0647967011	12093.365379186684	8816.78448589363	11976.057596906154	6403.801487504622	7335.44251904492	10146.487446544515	9639.36171219547	6385.138079507703	11654.86339697137
ARG+POLYAMINE-SYN	superpathway of arginine and polyamine biosynthesis	3440.695815251639	1722.061740044688	1340.8825415018262	1915.034661953572	2327.693125656543	906.647805849898	1863.1782867049535	1242.2617228751214	1261.297069585392	1369.4011851008702	2035.0973195774009	1212.910655957807
ARGDEG-PWY	superpathway of L-arginine, putrescine, and 4-aminobutanoate degradation	863.5579895930886	45.21319056308086	7.232787316633528	1.8040425936223743	55.79873072394816	0.765533449648537	37.4932359155894	0.0	228.5009289999948	48.79411570585925	256.4800211873841	125.61555309423316
ARGORNPROST-PWY	arginine, ornithine and proline interconversion	1004.6462814106887	875.4467190181815	1478.0153584122409	888.8003509509048	2034.9889350762087	803.3009469525654	269.19531489242667	998.9672186998072	1185.154570225163	557.5137291000076	658.6293640014146	1316.0585111591013
ARGSYN-PWY	L-arginine biosynthesis I (via L-ornithine)	7414.731850715751	3562.61617322518	7704.49530236304	7702.213074926935	6965.540413679046	7672.295449578231	4189.663364641743	5487.2892580704665	7186.305750689751	7419.107336816822	4275.9006217153965	7294.846778194435
ARGSYNBSUB-PWY	L-arginine biosynthesis II (acetyl cycle)	7690.884907752662	3366.012244610002	7871.060621127263	7472.395415238663	7209.077927599244	7597.495336877348	4113.6262962954	5653.360507503887	7283.778571815631	7855.60380809382	4286.045848106895	7134.265341460859
ARO-PWY	chorismate biosynthesis I	8924.77754326771	5639.647712463467	9354.396631531838	10294.251201441171	8343.971725553927	10580.082964418069	5875.569254224679	6493.314617656011	9342.556912966553	8888.610949626956	6010.323777715174	9991.30160684364
ASPASN-PWY	superpathway of L-aspartate and L-asparagine biosynthesis	6989.532224720108	6070.196711925601	7206.762791480313	9143.068903727371	5857.364825054878	9710.237450468156	5125.040659110594	4721.544543622136	6860.897839617361	5390.960992845418	4992.079894025252	9055.167978803303
AST-PWY	L-arginine degradation II (AST pathway)	548.67	29.33	7.946860647539903	1.3145503942131371	28.000000000000004	0.3299999999999999	23.57	0.0	127.57	26.33	173.57000000000002	70.67
BIOTIN-BIOSYNTHESIS-PWY	biotin biosynthesis I	2602.4391672159527	1830.634566178172	2442.2973132362754	1805.5263565361583	2871.3064678903397	4175.54691919551	1460.7662402344	1415.731443896537	1840.46181472492	1579.1028237717608	1095.5779210802746	3483.1221882806785
BRANCHED-CHAIN-AA-SYN-PWY	superpathway of branched amino acid biosynthesis	9220.653023231513	5735.37176925622	10011.03577660709	11002.62876684136	9756.263566412312	11431.681847002545	6249.3366373604495	6971.950188263379	9927.937124021571	9731.89711662508	6267.798600839555	10469.883059059708
CALVIN-PWY	Calvin-Benson-Bassham cycle	9554.692005985118	8213.363708431536	10141.214895527546	11776.049636702845	9479.439612334509	11872.956400348445	7647.938757119346	7257.390567675285	10221.743283109126	8631.056031604136	7498.757341281548	12466.52671762481
CATECHOL-ORTHO-CLEAVAGE-PWY	catechol degradation to &beta;-ketoadipate	8.0	9.0	0.12	0.12	0.0	0.0	0.12	0.0	2.12	0.0	28.620000000000005	0.5
CENTFERM-PWY	pyruvate fermentation to butanoate	1714.2669830167588	315.46461364152714	767.4384226792793	44.69700159597278	211.38439453138253	79.08065208333316	141.0490107315489	102.9900475981009	698.3587276968633	303.238807417232	739.8793155022914	561.8219378663167
COA-PWY	coenzyme A biosynthesis I	7573.819901498159	6549.641644008727	7737.234983394098	9324.141418930849	7723.024570103556	9346.952589544611	5748.471243451011	5709.154485430532	7024.058389348837	8546.210569866213	5691.787266734169	8299.88632696453
COBALSYN-PWY	adenosylcobalamin salvage from cobinamide I	5987.872862420509	4608.4631909389145	7181.46040493626	8055.86921176784	6396.257342086273	8253.737090047141	4907.370463626354	4453.804669025309	6759.6646644288185	6593.044891351941	5067.9506103667445	7804.344038754904
CODH-PWY	reductive acetyl coenzyme A pathway	36.29955956487132	460.9614480161462	663.9215499558619	148.73557146550075	411.5441348461585	824.3696833578873	106.18832669776802	61.34183685219968	0.7999595854987718	139.050868523715	65.1714809208954	3.999004067140814
COLANSYN-PWY	colanic acid building blocks biosynthesis	2993.87023551474	3978.8848461514954	3367.5248390554257	4314.877478373981	4384.790689033569	4414.469095099272	3167.6127746765114	2569.3423916656407	3522.8122064976387	4769.875603806205	3138.253260699205	3118.0651180879204
COMPLETE-ARO-PWY	superpathway of aromatic amino acid biosynthesis	9253.215318585808	5837.50438678628	9735.169200241464	10723.109046238958	8638.393895063375	11002.214599181249	6168.886052740785	6756.188620536409	9704.78546667208	9317.92862544475	6243.986251697767	10423.365402511745
CRNFORCAT-PWY	creatinine degradation I	0.0	0.0	627.8503855196801	2.923506336041984	0.0	0.0	0.0	0.0	0.0	0.0	0.0	0.0
DAPLYSINESYN-PWY	L-lysine biosynthesis I	7664.87864372492	4327.647398975762	8633.769929844946	8418.900979012811	6729.284080478645	8747.564042917054	4580.427606298403	5817.509323535443	8371.675249631215	6793.408501351908	4736.346287871021	9855.05539203466
DENITRIFICATION-PWY	nitrate reduction I (denitrification)	0.0	0.0	249.7432835820896	1.8461538461538456	0.0	0.0	0.0	0.0	0.0	0.0	0.0	0.0
DENOVOPURINE2-PWY	superpathway of purine nucleotides de novo biosynthesis II	6584.935707801031	4700.240960895382	5464.467265167428	7623.0848754162835	6465.954141514927	7564.801720269624	3220.153942863698	4759.473722330943	5310.128008113474	7394.298521182664	3273.852896840142	7485.698373346468
DTDPRHAMSYN-PWY	dTDP-L-rhamnose biosynthesis I	7463.501284321829	5885.523417692317	8267.409552242443	10282.40118808914	8369.184167085277	11390.201306156438	5100.557481120627	6427.893835310057	8239.141748675262	8663.291925507448	4981.429375238316	10899.328600118912
ECASYN-PWY	enterobacterial common antigen biosynthesis	886.5313384857188	101.67295745151662	7.745585875528994	1.9727915090145205	64.68688026315769	0.8246084152934369	50.16636624644082	0.0	276.82842278054324	61.28563011341653	245.99519843577065	153.05750810467396
ENTBACSYN-PWY	enterobactin biosynthesis	1721.5282285712722	111.7476011349858	16.55417287032188	5.169138875328449	144.13376451649663	2.5130932463182	118.73808220099022	0.0	575.6786642360787	156.55943364713607	569.4889916645915	353.88246976849143
FAO-PWY	fatty acid &beta;-oxidation I	1885.9220301074404	169.48564667129102	113.7556465235614	29.756387856746773	98.68949558247692	56.20988464397805	78.34255308458891	54.33976201369845	424.17888821877824	158.81300672849844	587.0017712527543	370.577772425498
FASYN-ELONG-PWY	fatty acid elongation -- saturated	5300.707796061011	6602.319951496833	5757.6992931272825	7796.532380440748	6240.140796997366	8425.005027127321	6803.27892663146	3765.368688205968	3910.0886371513134	6592.792991798129	5662.86500126673	7186.311037638215
FASYN-INITIAL-PWY	superpathway of fatty acid biosynthesis initiation (E. coli)	2493.6075546078887	5091.518976731339	1652.339968058351	789.9223955922912	2925.4761010016764	2743.110076453103	5335.360398005975	904.0011065609744	1145.1651324408267	902.8243648447288	4442.327750130308	1867.9733072586712
FERMENTATION-PWY	mixed acid fermentation	5046.516642352792	4444.166671509859	5365.0996829184105	7122.958160808338	4833.621939218304	7787.42708027593	2468.930320069256	4259.042196991174	5723.281496281351	5997.9732675294745	2395.9088797478635	8054.673539156394
FOLSYN-PWY	superpathway of tetrahydrofolate biosynthesis and salvage	5398.575706033661	5168.6985504544455	6894.098819527469	8047.630897266457	5972.537874596413	8483.90400257961	4854.628230806705	4608.563206105049	6551.992345059724	6093.138565345956	4798.025948145949	8047.738044933872
FUC-RHAMCAT-PWY	superpathway of fucose and rhamnose degradation	2030.983915768666	837.2856844381587	1802.9445122746	1722.2046917928913	1502.5050243275762	2996.469269164726	1022.8311991257924	1397.8230340713123	2480.078856626714	1701.3738144511672	824.1451819133414	3948.602361180191
FUCCAT-PWY	fucose degradation	1965.366639102221	618.5493082226259	2422.2332547387405	1970.6654050660125	1828.2864343629772	2501.787242140939	894.499706938906	1655.8669872578505	2816.298327152068	2368.0773924714795	569.28009836694	4333.792341229217
GALACT-GLUCUROCAT-PWY	superpathway of hexuronide and hexuronate degradation	2900.651789181888	2079.5305498136704	3788.050310785083	3582.490035937879	1738.389448802884	4425.432980923287	2311.5791955719174	2103.420591728491	3494.766080589393	1608.054883345921	2665.0440879488506	6340.278670941749
GALACTARDEG-PWY	D-galactarate degradation I	23.73084073426067	87.13590291510852	16.037600827225052	65.55868633935074	157.31939268379878	123.40689150888863	23.23920979416871	103.35611618294097	198.16956548197007	1.9938573018364207	92.65371958340153	868.0741730363255
GALACTUROCAT-PWY	D-galacturonate degradation I	3792.584569880839	3636.468429492444	4758.886786075905	4899.07832824591	3139.503232293788	6280.199152224843	3841.869205204739	2940.3909835342934	4421.573476287265	2251.6793477170745	4038.7221682673694	7387.885303945002
GLCMANNANAUT-PWY	superpathway of N-acetylglucosamine, N-acetylmannosamine and N-acetylneuraminate degradation	3483.290164646602	2476.438940173929	4118.934019961387	4708.967090320437	2540.835382819704	5464.3857349778045	2223.701247033015	3271.4015342399125	5317.538633972699	2282.0629041994284	1534.1358020778846	7373.611855679076
GLUCARDEG-PWY	D-glucarate degradation I	743.1111756596757	168.83490252681847	366.3914471037686	50.81226649038817	346.4063169676114	274.2667406922684	191.78378919635145	103.35611618294097	629.2382011079219	95.99996437561394	233.33448966923876	1303.2026898445913
GLUCARGALACTSUPER-PWY	superpathway of D-glucarate and D-galactarate degradation	23.73084073426067	87.13590291510852	16.037600827225052	65.55868633935074	157.31939268379878	123.40689150888863	23.23920979416871	103.35611618294097	198.16956548197007	1.9938573018364207	92.65371958340153	868.0741730363255
GLUCONEO-PWY	gluconeogenesis I	7319.0851151201	6009.032979297383	8088.479088493515	9798.419304254678	6901.096125586634	10031.004585990386	5315.987889427581	5651.652021289268	8080.341393801757	7380.624481803752	5351.944223424203	9738.02384668122
GLUCOSE1PMETAB-PWY	glucose and glucose-1-phosphate degradation	1093.754054002351	477.9864945811136	272.3606136777043	301.7648849939328	1657.712489602712	70.44601203823709	478.0461090476028	838.1847478062185	547.3679531939538	2641.824857533368	287.11161230594155	249.90363720012
GLUCUROCAT-PWY	superpathway of &beta;-D-glucuronide and D-glucuronate degradation	2994.846460840357	1867.2576373910947	3985.081245643124	3645.486557607571	1687.94599012616	4295.151583630465	2036.8976334614704	2059.5972586672438	3593.2815403548007	1607.874020828444	2435.370447390156	6528.486174935222
GLUTORN-PWY	L-ornithine biosynthesis	7287.9330350686305	2911.3306934243856	7405.948556760673	6966.870088958332	6530.215707466544	7277.442985114092	3920.4708108755335	5321.467028087684	6694.866187353799	7467.597473427096	4077.9345023349847	6822.196994649743
GLYCOCAT-PWY	glycogen degradation I (bacterial)	8786.914370863647	6141.889863023485	10684.332896453448	13687.192485346666	8321.111284742561	13435.217900207388	5466.621808036545	7393.004733718469	11006.836275585403	9115.858987852407	5057.467373364303	13074.562148681858
GLYCOGENSYNTH-PWY	glycogen biosynthesis I (from ADP-D-Glucose)	8510.09544665322	6743.387878819484	10043.128522171632	12265.799950783356	7560.432269379703	11619.96781652116	6148.337683815932	6584.689349639514	9590.031737697009	7562.64470459036	6287.678878699728	11544.796094334286
GLYCOL-GLYOXDEG-PWY	superpathway of glycol metabolism and degradation	980.2153576148812	38.36178282412031	121.78165135494704	4.840530034458011	101.87920821119351	1.315424427550351	57.46306866088173	15.509163907113818	283.97989607500733	85.06615412294902	187.1776432674137	226.7545875218219
GLYCOLYSIS	glycolysis I (from glucose 6-phosphate)	7004.434125587367	6451.525380901139	6535.127517383891	10568.80325309671	7780.264823126971	10757.799737742142	3319.42566821245	5253.117071409445	9119.678567225255	8186.523279208431	3793.116520522768	9853.76320225847
GLYCOLYSIS-E-D	superpathway of glycolysis and Entner-Doudoroff	3643.31537353398	1451.3229070443376	2244.7767501148637	1374.431421741823	4048.594053179232	1905.8341158235355	1751.5485656941412	2085.9785858981923	2781.9031477075546	2654.012551215281	1536.2277914736962	2662.825369391833
GLYCOLYSIS-TCA-GLYOX-BYPASS	superpathway of glycolysis, pyruvate dehydrogenase, TCA, and glyoxylate bypass	2510.313896224977	324.6225388625939	28.79749301376268	6.896605445842333	196.1847715186968	2.374670724640173	161.85072708865033	0.0	780.4302509911952	189.5802654907729	897.923677863914	465.96047969925024
GLYOXYLATE-BYPASS	glyoxylate cycle	1688.7088705281692	123.21675975123422	482.668018398154	4.918356642433856	110.56830087355242	1.3198930365733563	92.34333397346175	17.952150575860575	469.9370698464823	121.92349027133808	484.0888482046509	274.7518630103344
GOLPDLCAT-PWY	superpathway of glycerol degradation to 1,3-propanediol	291.71795391813924	134.3605345958836	7.43751415938642	20.15698990075853	18.291292942770955	78.43533829876942	8.568238790738361	138.04955834627935	237.7500947092503	14.975063334144576	30.59842113886844	276.0035696016796
HEME-BIOSYNTHESIS-II	heme biosynthesis I (aerobic)	1074.0406760010842	755.6844603427583	365.08822856208025	62.55733850181975	281.63653779327564	121.18999910436597	571.801890757877	39.09890524857312	200.3110452449584	89.55331257208034	573.9699761632237	104.41546089704192
HEMESYN2-PWY	heme biosynthesis II (anaerobic)	1666.9069903603324	805.0989517778253	674.4697709113816	114.03359111584078	1193.756628467219	240.60921052923732	603.067491966559	707.2507546997916	511.9166240743237	742.7387260815698	617.5556085269473	290.7889823165409
HEXITOLDEGSUPER-PWY	superpathway of hexitol degradation (bacteria)	1624.470932881434	1127.5982362033974	1282.824336182456	1481.4747326694912	1997.3273140458705	1029.0253993471424	1076.9182395169648	1415.8693849403182	1971.2865726447444	598.8080996780434	873.488424617918	2363.614819615368
HISDEG-PWY	L-histidine degradation I	1260.726729225869	1396.1101951391595	1610.5251389233008	3059.489699808284	1479.5341558395	3695.9474492537297	222.11348756475283	1584.79902878371	1444.5134421751868	1580.1077100888874	723.1935407193055	3996.807574929664
HISTSYN-PWY	L-histidine biosynthesis	8028.657898178421	4341.646822381482	8328.514544693917	9826.606686437435	7312.035571326819	9998.409752676942	5313.155122634283	5870.243003801538	7758.778317062833	7975.4530086639315	5029.449668507729	8768.541928552788
HOMOSER-METSYN-PWY	L-methionine biosynthesis I	3399.697593071016	3704.081093590319	2583.407853259689	3021.0444603861406	3104.4808713683087	2553.641561377185	2273.941176786709	2560.024150884433	5111.25625712067	2533.7056205076706	1769.5756906131696	2493.5684827822142
HSERMETANA-PWY	L-methionine biosynthesis III	2765.09431281384	3971.92184656213	2747.4351141610337	3220.8585274303664	4181.655911023508	2703.4913223357967	2444.843329856181	3183.321523654251	5776.953359208054	5283.406426679621	1856.267693241466	2647.027586580852
ILEUSYN-PWY	L-isoleucine biosynthesis I (from threonine)	9651.37799056467	6198.70719080989	10483.944892972228	11573.57780203745	10521.5143109274	12016.166492195482	6908.015907437097	7231.085468814212	10588.271747672226	9728.305016423736	6648.4826102978	11195.25197336084
KDO-NAGLIPASYN-PWY	superpathway of (Kdo)2-lipid A biosynthesis	1645.4141564510303	1134.4489634581273	24.69653800417518	76.93578810656881	210.8477233796384	10.615318932972594	1161.9385142117608	0.0	673.0137684324958	199.07819816215928	853.324538601131	490.8555805976631
KETOGLUCONMET-PWY	ketogluconate metabolism	9.956357415311563	88.42723800777874	6.189739776951674	1.576447619318667	48.020356234096695	0.6595027283727939	17.493591747421068	0.0	0.0	39.426627610318434	19.52369611812336	0.0
LACTOSECAT-PWY	lactose and galactose degradation I	358.71984061806546	19.11731687641531	75.58976600779899	95.7735691906266	23.98113866987774	32.59897997898199	41.666616590138354	36.76030177629029	273.60512552206217	127.92366983299856	55.06392193035687	56.54061426412267
LEU-DEG2-PWY	L-leucine degradation I	68.27682827937002	0.0	360.9889569523736	1.9814836087016443	0.0	0.0	0.0	0.0	0.0	0.0	0.0	0.0
LPSSYN-PWY	superpathway of lipopolysaccharide biosynthesis	0.0	0.0	0.0	0.0	0.0	0.0	0.0	0.0	135.20626811319423	0.0	0.0	0.0
MET-SAM-PWY	superpathway of S-adenosyl-L-methionine biosynthesis	4563.3390010669245	4586.040946765669	3493.602498537616	4113.627965984619	4176.613365735988	3551.306806373857	2984.4786456602296	3348.795596225928	6308.967883615321	3507.6984500617496	2428.735221380943	3455.401204685952
METH-ACETATE-PWY	methanogenesis from acetate	831.6997789836399	929.832344525036	4212.1475460065785	3299.853015159206	1621.052699815735	3803.7622397574464	1230.3886018255637	3008.123211608716	4012.894448902154	954.3411144427424	854.6268079678833	5903.950124901211
METHANOGENESIS-PWY	methanogenesis from H2 and CO2	360.5598361384546	0.0	0.0	52.14521562497388	914.7922021278106	0.0	0.0	495.5312527275082	0.0	583.768801522787	63.69865528848651	0.0
METHGLYUT-PWY	superpathway of methylglyoxal degradation	746.2543684203633	33.914609908323776	7.581895005059898	1.9627977864542423	46.1174106042176	0.7328158033808456	43.890071115698994	0.0	174.35057371316745	43.491447059848255	183.57005022484577	109.25357243872072
NAD-BIOSYNTHESIS-II	NAD salvage pathway II	1411.2972246270415	491.52881665670094	144.13507324890517	130.3773782904724	1134.413990515725	604.989144281185	485.9418195027013	765.9459993130565	661.5168147775325	818.0416801668322	449.2541517536406	617.0297367203342
NAGLIPASYN-PWY	lipid IVA biosynthesis	2483.5638589058644	3474.107898350125	2249.92401214341	4212.188856060568	3448.482838682308	4355.575302312584	3160.0445195586444	1741.8396178098062	1813.675696841098	3517.3595275243897	3059.2142560559296	3526.626664289732
NONMEVIPP-PWY	methylerythritol phosphate pathway I	8267.94911198839	5943.6556249407895	8561.406802588186	9989.886111342052	7526.561917841125	10037.717261891408	5998.887691185271	5915.7283820278135	8461.492894161882	8157.978533369999	5863.117581311051	9132.669578571056
NONOXIPENT-PWY	pentose phosphate pathway (non-oxidative branch)	11800.920909553492	8310.840182864711	12518.787301294462	14258.228817767904	10290.19544390774	14565.10138549477	7555.201702885232	8899.247934868454	13089.628292422336	10012.10469435871	7895.721839831285	15844.047486069538
OANTIGEN-PWY	O-antigen building blocks biosynthesis (E. coli)	6586.657991069549	4392.839641078883	6003.283973473738	6820.823620617679	5929.388050616841	6245.327287929298	3525.4467623643004	4454.239024381299	6408.44017201314	5827.091042991832	3990.317883725417	3438.775711760273
ORNARGDEG-PWY	superpathway of L-arginine and L-ornithine degradation	863.5579895930886	45.21319056308086	7.232787316633528	1.8040425936223743	55.79873072394816	0.765533449648537	37.4932359155894	0.0	228.5009289999948	48.79411570585925	256.4800211873841	125.61555309423316
ORNDEG-PWY	superpathway of ornithine degradation	761.655776862803	40.04250816108525	6.147008024455483	1.5776242410399894	54.47371341243807	0.6588393903868699	45.57015912553505	0.0	156.85935165820138	48.4667567894514	249.89942408925188	113.9274428709366
P105-PWY	TCA cycle IV (2-oxoglutarate decarboxylase)	2757.595752649715	642.8366223106335	46.16824817131223	11.288883752827752	370.35316113373193	4.881540751009517	175.2194911413384	0.0	1194.1451154773874	243.14527391179487	1144.6181633591568	684.1226240120053
P108-PWY	pyruvate fermentation to propanoate I	3290.4428872062263	1132.7905898471774	3480.393837606981	5892.772065156599	3892.2326404083497	6674.391014359007	1654.3676329441107	2770.34973150455	2858.5667866846547	5348.862993807361	1838.8231516071291	5776.670228334857
P122-PWY	heterolactic fermentation	2021.327020696716	2210.6799545857466	1612.7884064538987	1878.1347693078355	2362.853384257728	911.7639510368562	483.1500843030648	944.6662781409976	3561.405214934547	925.0484795929	839.9110115163397	1773.2511985334377
P124-PWY	Bifidobacterium shunt	3170.3470635629265	3254.6937850870136	2375.5332386622345	2349.160195788926	3397.802286279455	1073.8719932951765	646.0792456142935	1215.2224935729507	4748.605107667073	1273.6672701485277	1723.2992413016543	2072.163226169996
P125-PWY	superpathway of (R,R)-butanediol biosynthesis	16.58404533530438	139.24174447806752	3.189060248171508	31.48468063962578	96.61448762590872	41.989648627228405	37.951520855948765	27.352992539363104	170.86807062947318	10.799030463592011	99.34927927279102	715.846620747747
P161-PWY	acetylene degradation	5423.04515770257	3770.339677302517	6478.470215639324	5734.214034280516	4622.6756524226885	6441.819547893472	2668.7509275535904	4194.873785545641	6976.713693974091	5313.403227388387	2543.122778187106	7293.219084093372
P162-PWY	L-glutamate degradation V (via hydroxyglutarate)	175.79238722551537	160.38058650438845	420.3782686850271	166.15171036361394	233.18857210229135	269.0208078871126	290.76565547264715	331.4748671925707	214.9859445014648	171.90956820299428	103.96131840696056	544.942181205661
P163-PWY	L-lysine fermentation to acetate and butanoate	539.3147192883769	170.52360323513295	293.004346495742	1254.3836577164618	1532.0652959243191	510.7026408322284	40.449454717973474	349.87469795275274	254.7288801188216	506.2736564499044	96.37274201656156	778.1670294296526
P164-PWY	purine nucleobases degradation I (anaerobic)	2232.147105390183	1618.4702899347749	3217.537904497123	2085.918835265678	2494.8094934605583	3046.4822720028706	1443.053161997163	2041.8707942346211	3722.242701107215	1236.9238502662172	1715.4968369109172	7907.735781651225
P221-PWY	octane oxidation	108.71973245232024	47.50998925180902	258.67676149355884	346.58709487064635	355.3613878571918	489.6586139298084	644.1522528156866	369.3013845386615	913.4491165273814	171.6115513334639	95.9412447886049	580.439368478431
P23-PWY	reductive TCA cycle I	3536.6698876011524	1378.111892994851	2112.04321241102	1413.603660322877	3297.2251182696714	1176.913182250758	1492.6559278924176	1138.3593825043256	2735.983172695062	1076.4174521806024	1596.2158165570488	2074.31853338844
P241-PWY	coenzyme B biosynthesis	368.6616216696045	0.0	0.0	47.842680262199565	805.6496076424428	0.0	0.0	460.0843375182879	0.0	549.8999592055823	59.26050935869899	0.0
P261-PWY	coenzyme M biosynthesis I	525.4070103896806	0.0	2.850941545193301	48.14897579143389	683.6144822219344	0.0	0.0	402.6320505101565	0.7743745616086042	527.8173582384688	104.2633757977534	0.0
P281-PWY	3-phenylpropanoate degradation	11.467116357504215	14.31578947368421	197.90558614119823	1.7676407242808043	0.0	0.0	0.2393469722554543	0.0	2.813244938183121	0.0	32.971197263397954	0.6665012406947891
P341-PWY	glycolysis V (Pyrococcus)	0.0	0.0	0.0	0.0	12.489927866307331	4.998769250199365	0.0	0.0	129.03474798740717	2.4995930745277	0.0	7.497312946596591
P4-PWY	superpathway of L-lysine, L-threonine and L-methionine biosynthesis I	5589.551446415184	3530.783974483109	4588.149256068133	5133.885126600281	4900.889904657895	4923.255542144576	3168.477678621067	2925.5154512973427	5638.463390499315	3614.1219369128016	2773.706329342537	2541.1181569856944
P42-PWY	incomplete reductive TCA cycle	5847.93869256173	5100.270362743559	4825.492835806245	8842.512892409246	7420.429685196394	9654.813480903951	4321.436110384491	4811.742251883645	5880.603107364527	8376.152911401885	4307.109115769005	9126.990313898745
P441-PWY	superpathway of N-acetylneuraminate degradation	5086.289612848769	2246.27253435507	3493.160503572988	2420.7386458931664	4520.134094291807	3205.4328322995266	2389.393016067137	2989.8632957860505	4284.259802507558	3965.6478050330657	2052.4553536922185	4216.130411022001
P461-PWY	hexitol fermentation to lactate, formate, ethanol and acetate	1086.3056538702417	1381.6563569926238	1238.6091238351344	1172.8476893831794	1274.7336744106055	835.7773023403626	1091.6612605472112	1458.6941849237735	1314.824520971792	464.62388779848	618.8884593149901	1876.600636047523
P562-PWY	myo-inositol degradation I	134.60529469533503	110.53770299267772	509.9950879634749	292.6224321923754	55.87711596594851	163.08210442495775	180.4911675897654	381.52117096302936	275.6906392551684	50.09988530551556	93.36646281441676	713.5645626577642
PANTO-PWY	phosphopantothenate biosynthesis I	5607.946307298499	3752.434659683581	5307.339487127966	7110.140943039024	5202.590656768897	6982.089586836833	3620.2254867497895	3669.405327740652	4962.744391705687	6112.695290675927	4119.877998455051	6746.77962688988
PANTOSYN-PWY	pantothenate and coenzyme A biosynthesis I	6104.584595938155	4555.882360236296	5696.601922528782	7702.055559420723	5976.68238620693	7551.775154150964	4296.671502165649	4179.457776352625	5426.567791062488	6827.485864599896	4628.735115628066	7106.185187954581
PENTOSE-P-PWY	pentose phosphate pathway	2486.717293516376	2695.2198676992057	2144.985186716552	4976.339783590453	3014.086880316921	5770.149602629675	1171.8924370043635	2430.460045310906	4741.665642814415	1949.282515623795	1028.4121438195778	7178.1232826227
PEPTIDOGLYCANSYN-PWY	peptidoglycan biosynthesis I (meso-diaminopimelate containing)	8596.850587738216	6488.331605509847	8454.189607767827	9845.432192035183	7728.434523278239	9847.99155181621	5625.211471007236	5843.517401164502	8455.747267827872	7901.750138156169	5787.208711067288	8942.803710921939
PHOSLIPSYN-PWY	superpathway of phospholipid biosynthesis I (bacteria)	8873.231199320297	6380.333310694933	9176.148494382229	10104.40794412942	7739.483003556341	10215.638275172072	5788.776420590006	6246.388660532364	9340.779477458484	8762.361523482354	5758.047975798838	9397.162801637656
POLYAMINSYN3-PWY	superpathway of polyamine biosynthesis II	1995.706127052932	1182.9848581548351	556.5398862495655	1144.1733560575394	1426.35715766128	501.984386950017	691.0141802080623	344.1432855244831	546.8381255697965	798.0632305188828	1093.3202028751134	689.290863507194
POLYAMSYN-PWY	superpathway of polyamine biosynthesis I	2325.939328193535	1137.8977653245868	742.1439267036418	1098.074812269791	1440.9337582051046	482.6025500615482	1202.0045506105023	716.4495226783256	698.174676402644	768.3189790185718	1353.319385387254	662.7017448673186
POLYISOPRENSYN-PWY	polyisoprenoid biosynthesis (E. coli)	4685.007581880862	4907.718545323996	4492.318967797383	6449.133571486261	4892.833140634189	6833.909441997223	4231.692269526979	3261.540074974172	3714.9780374451034	5799.38000124849	4124.959931336739	6032.561582912132
PPGPPMET-PWY	ppGpp biosynthesis	1250.1889065573266	490.05312631262416	7.796514432521075	384.99958971609567	69.69198335058238	3.32438625488769	530.6303091226171	0.0	317.2998400153082	65.52502012459013	351.36840315898525	175.19044078264128
PROTOCATECHUATE-ORTHO-CLEAVAGE-PWY	protocatechuate degradation II (ortho-cleavage pathway)	20.083747681999853	16.835949187238906	0.1919986130503891	0.454279722983873	0.0	0.0	0.1919981556336227	0.0	7.49228329706278	0.0	45.65437543907918	1.99707894337759
PRPP-PWY	superpathway of histidine, purine, and pyrimidine biosynthesis	4971.361090588882	2403.525304494716	3593.8797090606977	4319.819525478039	3458.32531957207	4649.035558899984	1824.74029836758	2364.523569655116	1977.3241441365408	4135.926179577193	1832.12107861709	1037.412572298991
PWY-1269	CMP-3-deoxy-D-manno-octulosonate biosynthesis I	2949.129241197254	3256.9272114147743	2245.7085871960803	3956.725318107531	3327.725615188456	4295.674958898722	3139.9148887283814	1765.1641997784054	2047.7851018982308	3488.243800468712	3034.312384662494	3378.396369932252
PWY-1541	superpathway of taurine degradation	252.86342602648892	0.0	8.224204339114088	1.3707717704159523	67.53700594927616	0.0	0.0	0.0	0.0	0.0	0.0	0.0
PWY-1622	formaldehyde assimilation I (serine pathway)	0.0	0.0	0.0	0.0	24.292386273383187	0.0	0.0	56.05716709761312	0.0	3.5238945647797086	0.0	0.0
PWY-181	photorespiration	970.7879646910184	0.0	1445.2457590599686	7.9810689372105905	1456.4427120833343	0.0	0.0	114.4027212409246	0.0	19.147729052483456	0.0	0.0
PWY-1861	formaldehyde assimilation II (RuMP Cycle)	2903.593186869032	385.5016257057069	361.973151945949	773.4311787835218	3636.10399222065	385.0010799318304	252.5929376122481	2782.6094810945656	2384.6797697472507	2614.549949609272	707.4380808162946	3035.418062210775
PWY-2941	L-lysine biosynthesis II	2375.925907100079	3111.831966655336	1595.7172640480294	2765.6641690439305	2055.9153360041064	1636.0661604351733	1102.7650710140108	1163.3858926046173	1548.4133892116447	722.9690558964535	1112.1093756248408	1228.209636481586
PWY-2942	L-lysine biosynthesis III	9244.090839690632	7107.839472094121	9818.461149800807	11418.45366606753	8931.279408777209	11757.688608609416	6334.2926446949405	6846.793183902466	9829.593431514368	9223.872388428696	6455.114714590656	10878.46055969157
PWY-3001	superpathway of L-isoleucine biosynthesis I	9363.500673651197	6141.574549802003	9722.645011439776	11000.187830237215	8893.644718623278	11281.634684201845	6314.834932783796	6759.564541224904	9703.006507956496	8833.90738937485	6368.963919761362	10510.206143299616
PWY-3661	glycine betaine degradation I	0.0	0.0	1512.9299952860315	7.219956766068352	0.0	0.0	0.0	0.0	0.0	0.0	0.0	0.0
PWY-3781	aerobic respiration I (cytochrome c)	2641.091389599003	1.9998179659021889	1814.860542782358	298.97259041117013	15.989533492984837	0.0	0.0	93.39037463139088	0.0	125.44757860198888	996.6768525627688	0.0
PWY-4984	urea cycle	650.5863425194236	981.9358370330568	973.2867526482684	918.2946075723986	134.6011994514126	900.5475100116466	158.9196120618116	797.251326805275	803.4397782284951	886.6771030954566	126.70224720778286	1310.6131056736797
PWY-5005	biotin biosynthesis II	1253.6705922154092	102.303178243354	281.50535216213257	34.082701478389474	559.6830274760329	315.47630585271656	598.6654524189253	289.19223787322306	73.14165727015305	557.6602709667663	480.0341063818893	4.797893807567508
PWY-5022	4-aminobutanoate degradation V	1265.58902013151	257.07229540327387	410.8161794346987	129.7737482250381	180.1881971928962	237.40281370152323	170.42029012738854	222.0020383842916	492.8116063836271	211.28401977092207	580.7009635709105	543.9402964538989
PWY-5028	L-histidine degradation II	36.84415562837671	0.0	0.0	0.0	0.0	14.964160820167493	0.0	9.96404331700635	281.0520970379861	205.28953342409403	0.0	24.910804992776285
PWY-5088	L-glutamate degradation VIII (to propanoate)	0.0	0.0	0.0	0.0	0.0	0.0	0.0	0.0	101.6155108211654	0.0	0.0	0.0
PWY-5097	L-lysine biosynthesis VI	8994.184871616346	6861.265556052725	9788.004487415696	11281.273936334115	8605.948222333629	11672.042328636291	6300.1893721714205	6798.5315780408855	9717.658355706708	9078.748150602652	6283.648122616391	11304.269282161074
PWY-5100	pyruvate fermentation to acetate and lactate II	8215.054679222088	6247.141204499307	8482.079350696964	10092.522136037136	7251.554794657551	10296.551939786312	5767.97114985782	6194.690187699498	8824.350256814914	7518.596506525078	5970.43076465636	9752.445043463818
PWY-5101	L-isoleucine biosynthesis II	10402.788634502624	6643.308653265346	11371.141275786818	12599.690532342222	11149.338924841708	13021.66307667397	6963.257617317099	7891.429143744149	11495.038082140643	10569.549390613352	7119.977400033726	12351.748579271982
PWY-5103	L-isoleucine biosynthesis III	9083.946205763175	5519.027800030249	9864.198556387748	10979.603729122144	9578.114078678098	11389.937010217576	6175.382013395354	6840.951374240616	9898.03919895572	9285.87137779972	6231.476411477528	10326.0853191716
PWY-5104	L-isoleucine biosynthesis IV	9777.34752446677	6063.12135224579	10235.249152792374	11467.251460575775	10430.730720664656	11850.702490302923	6244.428081591927	7517.536290652837	10086.994353741446	9982.476928479657	6665.082627219621	10980.993769465676
PWY-5121	superpathway of geranylgeranyl diphosphate biosynthesis II (via MEP)	8076.846018328805	5910.566346011611	8307.112288143522	9779.689092047529	7538.346256237006	9829.40262025816	5708.560055447627	5841.192496578335	8285.975029695892	8123.29996804771	5697.332013417301	8876.7276934637
PWY-5154	L-arginine biosynthesis III (via N-acetyl-L-citrulline)	3446.2964652141104	3090.1588530521	3756.9476119474416	5787.828783046573	2866.46756462742	5958.162569981249	3639.468280609836	2056.8567875280014	3652.9363902793903	2736.30323604217	3023.671917465658	5905.247552475622
PWY-5177	glutaryl-CoA degradation	2159.101498534877	178.8063570537469	484.848830018016	25.38796801724525	124.8745786450741	45.05446065134648	93.82830678729086	59.81440091625923	447.9522921059929	180.76902942861207	687.267230591387	296.0403446911431
PWY-5181	toluene degradation III (aerobic) (via p-cresol)	11.793623116755455	12.370921971745508	0.1599995184182447	0.1898502230753343	0.0	0.0	0.1599993595914193	0.0	3.3048631836780444	0.0	38.11212976964731	0.799766042108508
PWY-5188	tetrapyrrole biosynthesis I (from glutamate)	4700.649435410631	1443.2345677582912	4256.117424600089	3934.141198100607	4057.1430456148655	3076.286336942834	1933.490386084366	3600.131274301297	3714.183947811068	5371.767989753126	1973.7617425632711	4334.616784391722
PWY-5189	tetrapyrrole biosynthesis II (from glycine)	4344.4928386282845	1346.8413655424972	3945.2360400944262	3640.465925248664	3768.9032465166833	2875.7189889017623	1812.9511284555745	3338.150424544225	3444.0420940382546	4992.860551822015	1964.5872489491487	4110.449082912886
PWY-5198	factor 420 biosynthesis	247.63636363636363	0.0	0.0	35.461741424802106	624.1980637993969	0.0	0.0	342.6108528566924	0.0	401.45454545454544	43.83073496659242	0.0
PWY-5265	peptidoglycan biosynthesis II (staphylococci)	1707.9656653047853	69.86048551102803	0.0	33.723328369066444	254.096351586648	0.0	3.945665302865802	109.28656090567344	137.38747460292072	6.96718542548749	207.81811619356705	191.01584539563137
PWY-5304	superpathway of sulfur oxidation (Acidianus ambivalens)	1538.7200000000005	1333.6799999999998	2229.66	3602.34	2366.0	2107.68	698.34	878.74	2054.46	833.74	1024.26	3551.2
PWY-5345	superpathway of L-methionine biosynthesis (by sulfhydrylation)	2584.665867100028	1281.781528315394	1779.2489432827865	1764.6284692720594	3863.769457804664	2628.400087707821	854.5551533585497	2209.5095039679245	1074.6379204800191	4640.415946483397	688.6126265907399	1082.220997511189
PWY-5347	superpathway of L-methionine biosynthesis (transsulfuration)	5446.437591239621	5204.6846704888685	4472.456101990869	5248.50061197323	4969.792558529336	4650.689845709651	3669.9435965189145	4019.573792794549	7086.539905337436	4345.203535116386	3076.170104134932	4514.11940688342
PWY-5384	sucrose degradation IV (sucrose phosphorylase)	1999.74506249054	2379.2242815160444	4070.126322851132	5100.501720547905	3209.9245713970354	4643.872753505845	1957.540789309509	1753.6329277706943	4993.813537099047	2611.7006597304894	2130.9594126254347	2996.1438257972286
PWY-5417	catechol degradation III (ortho-cleavage pathway)	8.727272727272727	9.818181818181817	0.1309090909090909	0.1309090909090909	0.0	0.0	0.1309090909090909	0.0	2.312727272727273	0.0	31.221818181818183	0.5454545454545454
PWY-5431	aromatic compounds degradation via &beta;-ketoadipate	8.727272727272727	9.818181818181817	0.1309090909090909	0.1309090909090909	0.0	0.0	0.1309090909090909	0.0	2.312727272727273	0.0	31.221818181818183	0.5454545454545454
PWY-5484	glycolysis II (from fructose 6-phosphate)	5482.556284890194	5677.272162028605	4762.688426907364	9404.22771209596	6893.454518859406	9696.491650251965	2203.9640695799017	4093.901557210264	8202.61449883527	7057.295600347646	2644.2457197067843	8617.736253098215
PWY-5505	L-glutamate and L-glutamine biosynthesis	6090.994424832854	3564.634803040052	8069.035444263511	9136.78565199374	5648.7764914328745	9062.681616292888	4646.617784069828	5533.085493018897	6978.015524921845	4013.9231366914255	4728.344237335778	9235.105108865482
PWY-5507	adenosylcobalamin biosynthesis I (early cobalt insertion)	43.03586478308469	0.0	25.011482612980217	21.469326813999658	0.0	0.0	0.0	0.0	0.0	0.0	0.0	0.0
PWY-5509	adenosylcobalamin biosynthesis from cobyrinate a,c-diamide I	5722.528721025093	4058.064812423208	6952.8354705394295	7867.774468743801	6137.160553165242	7986.934584845852	4395.655632241908	4173.685399547457	6361.562954057146	6176.188655119973	4690.659826942272	7480.889966332472
PWY-5532	adenosine nucleotides degradation IV	0.9281788682070344	31.033484032717453	0.0	0.0	86.66365312555762	0.0	0.0	0.0	37.212748488848206	46.75129678956961	15.717265988086153	53.966054472234
PWY-5659	GDP-mannose biosynthesis	5008.445262870122	5883.945392766295	5045.782270787914	7623.4970123962385	6550.695140381821	7815.040623621218	5027.714590281809	4119.984492749168	5186.33743851646	6954.97595011814	4704.884995815768	8461.159146786622
PWY-5667	CDP-diacylglycerol biosynthesis I	9687.778663676208	6822.214122780031	9983.398407035264	11236.456133341006	8589.408404820022	11262.643192267276	6152.771090634803	6720.753327134333	9756.778829919353	9645.51806814029	6280.174515761506	10107.2441590463
PWY-5676	acetyl-CoA fermentation to butanoate II	1667.6559338950133	690.9495782740021	2654.851384313122	2504.083597625811	2437.293093876544	1820.0129780175469	816.1414596987231	1593.7061366918956	2509.1114437601145	2232.291794539436	1387.1740863075795	2631.6594939118136
PWY-5677	succinate fermentation to butanoate	403.73936038154665	238.5254163366043	272.4642242137348	485.85109890430266	1102.7327704345728	419.225207492203	178.41679622689227	266.9643594883148	370.8796737566248	290.96520152505866	523.8547335196155	848.67624740174
PWY-5686	UMP biosynthesis	9172.73835715928	7185.458619179848	9823.01740672558	11349.4565713288	9229.663434381124	11342.061030265904	6141.698947105225	6914.551714589838	9851.47976426365	9597.823714085813	6463.0437307171405	10381.421254682591
PWY-5695	urate biosynthesis/inosine 5'-phosphate degradation	7785.711702257763	6032.891643075773	5981.24664693621	8404.894748238954	6711.11301020241	8952.913172296157	5498.001869350578	4361.418461148895	4901.963273001808	7410.227357550971	5669.528274836396	8914.348345294753
PWY-5705	allantoin degradation to glyoxylate III	113.59064037458737	191.5812782205995	438.3910420252333	89.18860235984843	267.5587619088968	557.7092954035267	57.85414567678858	199.73005980320573	545.6718915607198	47.044667114779045	114.94648720916024	1054.5508491112948
PWY-5741	ethylmalonyl-CoA pathway	24.671886701547145	0.0	359.05237432691587	1.5993602249688268	0.0	0.0	0.0	0.0	0.0	0.0	0.0	0.0
PWY-5747	2-methylcitrate cycle II	3.74352086913653	0.0	0.0	1.383129426915647	0.0	0.0	0.0	0.0	0.0	0.0	0.0	0.9958500023471132
PWY-5823	superpathway of CDP-glucose-derived O-antigen building blocks biosynthesis	0.0	28.13250062348462	0.0	0.0	0.0	0.0	0.0	0.0	0.0	0.0	0.0	0.0
PWY-5837	1,4-dihydroxy-2-naphthoate biosynthesis I	1161.1511348795768	553.5777352009841	300.8817559818783	66.01227985309265	1339.203534006444	117.62153169457602	566.4937482079441	664.5446879167239	310.8404903968424	2010.215282972296	483.4241024608026	293.5408376984799
PWY-5838	superpathway of menaquinol-8 biosynthesis I	1888.8980766195991	1359.4447998812343	782.8802141434511	217.2067204841597	2373.9587725804	377.9575999622569	1271.7277681723424	1179.9102185485397	797.2657333275731	3106.327840844684	1153.9719530210475	827.4681202591353
PWY-5840	superpathway of menaquinol-7 biosynthesis	1937.3703797027256	1354.3478829742448	792.1399968352575	217.43488351359676	2400.488433013512	378.48044822889057	1273.321408495623	1206.7843436220364	811.2748353051222	3161.805449819424	1160.4581349381474	830.6817220918605
PWY-5845	superpathway of menaquinol-9 biosynthesis	1752.5376814406318	502.9042682031973	162.60095005769685	112.77031467712796	328.9467784356122	160.2465599819725	297.90505836682433	79.18323608816306	651.3498520527053	416.5430226056683	964.7311668400098	514.1976614015624
PWY-5850	superpathway of menaquinol-6 biosynthesis I	1752.5376814406318	502.9042682031973	162.60095005769685	112.77031467712796	328.9467784356122	160.2465599819725	297.90505836682433	79.18323608816306	651.3498520527053	416.5430226056683	964.7311668400098	514.1976614015624
PWY-5855	ubiquinol-7 biosynthesis (prokaryotic)	1107.349006577162	146.14277026333755	591.6805002612966	98.6788843101618	92.92152082589752	231.9188852359948	58.59174323189688	410.7012405661372	236.09021853720665	157.61655001981015	277.3775292980613	457.30652900891147
PWY-5856	ubiquinol-9 biosynthesis (prokaryotic)	1107.349006577162	146.14277026333755	591.6805002612966	98.6788843101618	92.92152082589752	231.9188852359948	58.59174323189688	410.7012405661372	236.09021853720665	157.61655001981015	277.3775292980613	457.30652900891147
PWY-5857	ubiquinol-10 biosynthesis (prokaryotic)	1107.349006577162	146.14277026333755	591.6805002612966	98.6788843101618	92.92152082589752	231.9188852359948	58.59174323189688	410.7012405661372	236.09021853720665	157.61655001981015	277.3775292980613	457.30652900891147
PWY-5860	superpathway of demethylmenaquinol-6 biosynthesis I	1460.6802692796716	354.7428971758699	110.55557820487536	75.9153343587952	225.98706138553783	108.18011915792638	206.71134197151736	53.54989647752618	482.1344078686237	285.5356631416935	727.1149927084829	362.3175896575912
PWY-5861	superpathway of demethylmenaquinol-8 biosynthesis	1605.5884923595795	1064.2151947127006	575.9745389653951	147.55660789031094	2012.55885802434	259.60766182697625	1018.3295203804848	997.9522179504246	605.0957636138452	2604.1247766876963	892.6026984162155	604.0098783749789
PWY-5862	superpathway of demethylmenaquinol-9 biosynthesis	1460.6802692796716	354.7428971758699	110.55557820487536	75.9153343587952	225.98706138553783	108.18011915792638	206.71134197151736	53.54989647752618	482.1344078686237	285.5356631416935	727.1149927084829	362.3175896575912
PWY-5863	superpathway of phylloquinol biosynthesis	1298.2906449718607	624.3550267814047	341.9644719943529	75.36731387533146	1493.4082651826068	134.1862585585333	637.3871000092463	747.250266228601	353.27019095641515	2219.210019395445	545.5099711729899	333.8230283514424
PWY-5896	superpathway of menaquinol-10 biosynthesis	1752.5376814406318	502.9042682031973	162.60095005769685	112.77031467712796	328.9467784356122	160.2465599819725	297.90505836682433	79.18323608816306	651.3498520527053	416.5430226056683	964.7311668400098	514.1976614015624
PWY-5897	superpathway of menaquinol-11 biosynthesis	1833.9408060534367	1254.5220012098969	717.2523145084202	191.47916091245727	2300.06330595305	334.58345561668847	1185.277362212532	1135.2116492337602	735.8634387594933	3035.7959083582627	1069.5792157347487	747.8774167158299
PWY-5898	superpathway of menaquinol-12 biosynthesis	1833.9408060534367	1254.5220012098969	717.2523145084202	191.47916091245727	2300.06330595305	334.58345561668847	1185.277362212532	1135.2116492337602	735.8634387594933	3035.7959083582627	1069.5792157347487	747.8774167158299
PWY-5899	superpathway of menaquinol-13 biosynthesis	1833.9408060534367	1254.5220012098969	717.2523145084202	191.47916091245727	2300.06330595305	334.58345561668847	1185.277362212532	1135.2116492337602	735.8634387594933	3035.7959083582627	1069.5792157347487	747.8774167158299
PWY-5910	superpathway of geranylgeranyldiphosphate biosynthesis I (via mevalonate)	0.0	1312.9599211588195	30.23843748727801	38.97072123565627	273.9413867587037	7.960171858320888	59.69183873154885	14.580484061830534	181.08487843127185	0.8493440299156738	287.7534637928616	35.02029792076698
PWY-5913	TCA cycle VI (obligate autotrophs)	4097.472926622188	2010.4431896434564	3981.1031813876098	4228.075103314139	4831.059810454727	5999.274088748731	1554.4534117364462	3476.0593150068	4257.452326039583	5888.237492693847	1564.589434265323	5295.408271197465
PWY-5918	superpathay of heme biosynthesis from glutamate	1993.1113749224903	1029.1126101975965	806.1566464924559	152.14847681163852	636.2228606055846	285.83234331473403	987.4698611885136	96.16066869758754	462.1766011341874	218.3096724139738	994.4433159086476	251.89637665061028
PWY-5920	superpathway of heme biosynthesis from glycine	766.5998563389522	181.788255162916	508.8302111270973	6.903669572755215	99.84764158912236	1.31539528895456	88.2095307130883	0.0	30.442166423716703	75.507817566364	600.9519896548412	44.77738951626807
PWY-5971	palmitate biosynthesis II (bacteria and plants)	663.7828227957264	6674.670764382006	2235.557294446453	1148.3080172259636	3328.8714993162744	3153.4251976684614	3249.588541955333	1246.9813234575374	1861.4901581897948	1485.6915389297717	4900.903983689751	1631.2395560364837
PWY-5973	cis-vaccenate biosynthesis	9163.299424505403	7475.3039256940465	9861.934181906165	11234.503626969356	8215.432181890254	11816.246880406776	6572.413045581882	6725.43032266193	8186.300043843738	9128.984798591751	6741.703725302084	10835.865289048195
PWY-5989	stearate biosynthesis II (bacteria and plants)	2835.774939539904	6120.099630191014	1938.46335640808	943.02178305901	3386.3667128534707	3237.7915258150306	6661.160004540411	1055.927955365728	1360.256012066225	1066.3448964473484	5248.065557391373	2220.80366689573
PWY-6071	superpathway of phenylethylamine degradation	15.9381193818335	16.940264592977183	0.239938289843512	0.239438744802078	0.0	0.0	0.2398668719611381	0.0	4.214985269478126	0.0	55.234219976202446	0.8457630096307492
PWY-6121	5-aminoimidazole ribonucleotide biosynthesis I	8869.62816642375	7021.981760427349	9080.498014259996	10676.387902331498	8664.019447268376	10950.101723055392	5939.7108172391145	6707.168660198867	8888.122900474524	9265.491861123402	6138.799729126902	10179.589239098215
PWY-6122	5-aminoimidazole ribonucleotide biosynthesis II	8852.075621686816	7163.472444043453	9168.813023503277	10448.405916508402	8914.701369394466	10638.696628727146	5995.465492229539	6808.659356749018	8843.393194530752	9368.671848349974	6175.754472591413	9914.121688131232
PWY-6123	inosine-5'-phosphate biosynthesis I	8436.991176026779	6926.883085907987	8328.103638624318	10225.079975284252	8153.012926035899	10279.920841672238	6030.6640745918	6017.780391961139	8458.699468050669	8469.820318931213	6209.775475261938	9220.367974287834
PWY-6125	superpathway of guanosine nucleotides de novo biosynthesis II	5550.210492361593	3726.8012704008806	4345.818831650308	6378.270548364039	5460.226805585234	6304.548957186011	2431.295030993707	4001.336786929184	4204.118928248333	6522.745905804003	2465.1828862950074	6437.026113577022
PWY-6126	superpathway of adenosine nucleotides de novo biosynthesis II	9397.938010220918	7258.325342896057	9502.995777822209	10534.979257922878	8793.297406189482	11157.792149596342	5924.11137671474	6568.627208296988	9753.509469355726	9275.289571055337	6245.916600786385	10252.869353046644
PWY-6141	archaetidylserine and archaetidylethanolamine biosynthesis	255.60243220833465	0.0	0.0	37.26850656045495	646.3896384683596	0.0	0.0	356.4696187552522	0.0	445.76762754652736	46.1037394451146	0.0
PWY-6147	6-hydroxymethyl-dihydropterin diphosphate biosynthesis I	4069.20210684927	4355.961339158062	5547.671396669012	6557.790755719332	4893.784592676296	7355.91296308645	4369.932951848278	3639.306671223584	5453.180600351468	4072.755673088217	4318.12640163449	6993.052214597723
PWY-6148	tetrahydromethanopterin biosynthesis	467.2905154384734	0.0	0.0	63.35513498779987	913.8310063022094	0.0	0.0	559.030671052159	0.0	632.6425256590774	89.03722672310481	0.0
PWY-6151	S-adenosyl-L-methionine cycle I	5105.935226968927	6072.115914536814	6331.046294674067	8227.984974138017	5479.84943628672	7610.662083550357	4902.854386387831	4056.194867576448	7307.569066334459	3683.766679391998	4771.491261838687	7645.27203395507
PWY-6163	chorismate biosynthesis from 3-dehydroquinate	8611.099621088442	6025.42798069203	9165.382093564856	10519.506088763152	8349.777694361701	10716.967561940008	5886.703702349524	6375.928071331591	9077.299408147746	8553.032458543927	6016.132331733043	10068.61288098768
PWY-6165	chorismate biosynthesis II (archaea)	665.7201138804452	3.970392143346608	0.0	5.202441462568086	204.7810926432208	2.57974468044747	0.0	0.0	424.5206291483954	186.1516240264346	112.94473956102892	0.0
PWY-6167	flavin biosynthesis II (archaea)	707.7024637785119	0.0	0.0	114.74676782603032	1663.108429533964	0.0	0.0	961.356567956984	0.0	1180.7603101582567	140.35622380963966	0.0
PWY-6174	mevalonate pathway II (archaea)	306.99890621354785	0.0	0.0	46.88740915997085	757.6368535088276	0.0	0.0	382.5163971460009	0.0	516.6054235867682	79.66669819106403	0.0
PWY-6182	superpathway of salicylate degradation	8.615384615384615	9.692307692307692	0.1292307692307692	0.1292307692307692	0.0	0.0	0.1292307692307692	0.0	2.2830769230769232	0.0	30.821538461538463	0.5384615384615384
PWY-6185	4-methylcatechol degradation (ortho cleavage)	8.88888888888889	10.000000000000002	0.1333333333333333	0.1333333333333333	0.0	0.0	0.1333333333333333	0.0	2.355555555555556	0.0	31.8	0.5555555555555556
PWY-621	sucrose degradation III (sucrose invertase)	6378.626637312147	5862.044772076688	8775.30206956603	10728.263859119152	5470.695559418286	10762.849142535526	5515.070508903614	5548.927117528662	10249.11761453618	4702.609176853728	4512.782026902115	13901.988286608164
PWY-6263	superpathway of menaquinol-8 biosynthesis II	1332.9811651864136	92.5389256253052	1234.41182494639	1075.5854956430144	845.8968211711974	1724.518128580311	57.62246285548699	726.5162700279151	203.78758816072067	2324.2132798204243	20.30014870767165	0.0
PWY-6269	adenosylcobalamin salvage from cobinamide II	5762.728213795704	4125.373094857487	6989.919332220815	7904.756434135402	6224.638047965375	8032.107267832801	4463.614784922023	4205.416059887657	6438.4273430605	6258.151573990836	4740.429767221409	7522.931982937139
PWY-6277	superpathway of 5-aminoimidazole ribonucleotide biosynthesis	8852.075621686816	7163.472444043453	9168.813023503277	10448.405916508402	8914.701369394466	10638.696628727146	5995.465492229539	6808.659356749018	8843.393194530752	9368.671848349974	6175.754472591413	9914.121688131232
PWY-6282	palmitoleate biosynthesis I (from (5Z)-dodec-5-enoate)	2866.531183592879	6064.960691432428	1947.7366066221043	941.1327130171694	3351.2355095673493	3214.998251597538	6526.163923272076	1064.56832318821	1354.007062717892	1070.3443754194395	5207.272299300355	2206.9732112968018
PWY-6317	galactose degradation I (Leloir pathway)	6483.411888964844	6279.68465265622	7854.720886798872	9746.810732102034	6024.959322635084	9632.247344123036	5026.769800445068	5481.754312854369	8305.045101992997	5778.678680773679	4494.04704679903	10197.254949498838
PWY-6349	CDP-archaeol biosynthesis	282.27811739569114	0.0	0.0	42.51874803635852	696.8008255933952	0.0	0.0	396.7121695419095	0.0	494.1594533029613	52.06197854588796	0.0
PWY-6350	archaetidylinositol biosynthesis	269.1687417938154	0.0	0.0	39.89590449237175	675.0199946680884	0.0	0.0	376.8581835719362	0.0	475.7368421052631	49.10071942446043	0.0
PWY-6353	purine nucleotides degradation II (aerobic)	4043.2884506018886	2288.406527542344	4062.716382545006	3359.078756935598	3048.6063140599726	3410.478395865139	1147.008975462305	2355.199941514543	4063.003668357884	2139.495521676592	2360.523777523657	6755.185003825313
PWY-6383	mono-trans, poly-cis decaprenyl phosphate biosynthesis	0.0	25.80431197398821	1.9934001432588968	0.0	4.993254181845017	5.9493456528068025	0.0	6.972315192725203	5.986540377547459	3.9944978091994656	3.9935899513693434	9.924841503863076
PWY-6385	peptidoglycan biosynthesis III (mycobacteria)	8444.301360924006	6469.629761680273	8372.903746274731	9805.551426211816	7457.817583412718	9795.54648221094	5595.816366500312	5622.242555363361	8416.53968368152	7665.098488277946	5726.064917373886	8735.803945330279
PWY-6386	UDP-N-acetylmuramoyl-pentapeptide biosynthesis II (lysine-containing)	8647.920871671502	6505.510622565658	8537.740741740801	9984.589523646877	7410.667643864725	9956.431606322489	5675.813887027651	5611.665125032902	8582.190335382165	7481.864386174483	5831.476506482422	8943.984860954306
PWY-6387	UDP-N-acetylmuramoyl-pentapeptide biosynthesis I (meso-diaminopimelate containing)	8713.436889141673	6559.491262219312	8491.719624616553	9908.860351325618	7701.840592961288	9931.987485869238	5653.002177024945	5825.850249073016	8521.05065009674	7830.294792470017	5838.517615150029	9032.84202200938
PWY-6396	superpathway of 2,3-butanediol biosynthesis	12.807909662581167	220.51089864903383	6.7644923147247695	24.648801969232707	86.88757060148826	34.66366925412216	47.92060489638265	7.291967575534268	337.7167547816812	6.9048751464367575	152.1186486237118	98.32793919333088
PWY-6467	Kdo transfer to lipid IVA III (Chlamydia)	2046.16	3140.850000000001	1988.72	3654.07	3102.8300000000004	3891.04	2632.13	1551.35	1431.66	3210.84	2607.41	3182.01
PWY-6470	peptidoglycan biosynthesis V (&beta;-lactam resistance)	0.0	679.1765696331845	122.88121803423716	110.8158823351547	559.4688275501214	38.11399680202428	259.9919051408494	28.255866535912656	775.2969269215272	1.6312522681859838	633.3167154965714	145.96163752957065
PWY-6471	peptidoglycan biosynthesis IV (Enterococcus faecium)	3274.9187934877323	4032.974063565211	3543.6874605325543	4521.059988093839	4254.460853307999	4560.219427995241	2115.5380831460075	2832.874132900795	4936.129540779993	3137.77520178367	1830.4809077634584	3868.179205972016
PWY-6478	GDP-D-glycero-&alpha;-D-manno-heptose biosynthesis	693.6711425925972	2219.329486225189	989.0400905319271	752.701271647257	601.9861163702252	1158.8995065451434	2888.428097867959	515.5809749841421	756.8456516417201	896.526266114616	1895.7907118205296	1412.419633581055
PWY-6507	4-deoxy-L-threo-hex-4-enopyranuronate degradation	3366.5464904574865	3220.137234771988	3829.3225507569887	6627.8017374026085	3516.6742118778548	7139.516673316937	3879.9306219447576	1972.1409660642228	4676.440688554466	2245.0573864342678	3827.1612161325047	7419.165796133197
PWY-6519	8-amino-7-oxononanoate biosynthesis I	2469.8380837723166	1979.5281830793367	2321.522046903693	1526.5957045805235	2708.2481136120514	3969.496720812566	1422.018271842298	1292.570095702148	1671.4855995751054	1363.086997939101	1008.2136359350172	3082.18715587183
PWY-6545	pyrimidine deoxyribonucleotides de novo biosynthesis III	3524.3445547912143	2409.4774845111165	2440.8757691163446	2276.422937308001	3602.684325381301	2947.2889974649565	1638.4285108425183	2150.337134443208	2596.228548971112	4132.009468434331	1644.5300254410097	2442.4833336093848
PWY-6562	norspermidine biosynthesis	15.972352361106676	17.967164032174235	0.2399954643310638	0.2399964779184943	0.0	0.0	0.2399939784379587	0.0	4.238339209620568	0.0	56.88351710632279	0.9999333660049432
PWY-6572	chondroitin sulfate degradation I (bacterial)	691.1770028204725	198.08402305334295	1576.9757323361837	2277.983744096666	358.30910961721867	3695.077781116503	212.97212037732123	1212.1672702727433	1969.000155840618	989.6488404899007	169.25093581511584	4121.091394409568
PWY-6588	pyruvate fermentation to acetone	3703.2806029414432	900.5340067040856	2801.973843413787	2329.831956079652	3702.343814435269	1329.8214608846042	450.263569473283	1699.9003986982043	1824.415098496373	2406.507423025719	1813.831615392652	2443.0921215994254
PWY-6590	superpathway of Clostridium acetobutylicum acidogenic fermentation	2073.9754643377164	400.51510532805673	961.737111011981	57.39333422934568	269.40675878624563	101.44837578089468	180.09974494117657	131.7428396992645	879.0102912195874	385.0933106491678	918.1763168723614	711.221196639008
PWY-6608	guanosine nucleotides degradation III	3666.195048114912	1890.8238993180385	4136.966338044429	2889.3583700822983	3091.5178461153337	3715.278293679762	1790.5753761493504	2316.0576577808	3667.358566458443	2132.9096574548403	2195.148306734864	7581.744161261641
PWY-6609	adenine and adenosine salvage III	8602.411307847618	5862.7616079024265	8249.628649990536	9860.148025463011	6892.441858564509	9697.85808933538	5307.795596146214	5697.643299602156	8459.24183385993	7201.919394169955	5653.869515647957	8951.944274843872
PWY-6612	superpathway of tetrahydrofolate biosynthesis	4588.406980228542	4733.703197881117	6329.839244933837	7221.39456051136	5429.362977912248	7670.089196463079	4567.149908094182	4145.44308309619	5870.507598623097	5375.917824441618	4434.05664988189	7372.350755441519
PWY-6628	superpathway of L-phenylalanine biosynthesis	6304.164211249264	3474.9060396334958	2997.7293324849966	2868.5118108138	2784.4877554957743	3396.5613900773733	3873.5949060289095	2372.6460036843346	4087.6132513718007	2411.623279746141	4061.485956670482	2558.358073783449
PWY-6629	superpathway of L-tryptophan biosynthesis	3587.5389528416126	132.73221883461122	35.86097041921251	8.03378869105583	322.73111371830464	3.958510852627803	267.8845847808551	0.0	1272.5378179612358	305.5788924997233	1136.7509704558208	772.8096443718711
PWY-6630	superpathway of L-tyrosine biosynthesis	6236.220812628668	3280.446884445988	2981.379913684037	2859.889221005218	2773.0735725917752	3391.038182131414	3675.6072529663634	2369.802363925255	4078.70116092018	2405.68515172268	3888.0291215237135	2559.123476894193
PWY-6641	superpathway of sulfolactate degradation	303.3594795460627	0.0	503.9858695853873	117.183422714528	560.756235310131	0.0	0.0	375.0812406354871	0.0	63.68329997125839	53.886941220756135	0.0
PWY-6654	phosphopantothenate biosynthesis III	433.79584002998274	0.0	0.0	63.67057049421707	1055.7286316575053	0.0	0.0	573.158732797051	0.0	770.844647154343	79.02107516049936	0.0
PWY-6700	queuosine biosynthesis	3672.0783782317376	4431.166559352728	3840.5076016050903	5532.667682434858	4920.173284314409	5890.857383867535	4394.028373078831	2991.676541535216	3928.52262028171	4882.150543458498	4215.456791865267	5184.801048133235
PWY-6703	preQ0 biosynthesis	3617.1166615521	3644.886069113461	3434.49892763634	4584.33288676094	4821.1725203768765	4707.898027311309	3614.345122550491	2918.1693275827647	3023.905197972009	5201.89186788384	3517.2876267721035	4209.404534813074
PWY-6708	ubiquinol-8 biosynthesis (prokaryotic)	1107.349006577162	146.14277026333755	591.6805002612966	98.6788843101618	92.92152082589752	231.9188852359948	58.59174323189688	410.7012405661372	236.09021853720665	157.61655001981015	277.3775292980613	457.30652900891147
PWY-6728	methylaspartate cycle	105.81230310449786	0.0	69.09332270216849	6.166277860416375	0.0	0.0	0.0	0.0	0.0	0.0	0.0	0.0
PWY-6737	starch degradation V	8653.402718466758	7823.98434794369	10453.777920782535	13108.024943621678	8631.705676293219	13268.797801373854	7262.505948741732	7301.119610999338	10556.100509311862	8654.160589548865	6737.588346634587	14207.759701014358
PWY-6749	CMP-legionaminate biosynthesis I	319.4703565578909	696.3289056661265	723.8344151805622	965.210630363454	828.2305419154566	1410.552742906509	646.37148908122	529.15662858245	1219.9870983655233	904.7340341850406	268.61035300251893	385.899355467932
PWY-6876	isopropanol biosynthesis	143.99758794434513	900.5340067040856	14.643238836085564	17.311429310196083	1.9996160946441688	46.09714587990741	3.337822533506445	20.95035521271292	1.6597125545441465	88.72732411035074	12.639421979671376	3.998501988624484
PWY-6891	thiazole biosynthesis II (Bacillus)	2063.504080884408	727.1813006772093	841.2078370577988	897.4411762429629	1966.273700114209	1201.5168473170456	626.473232905535	185.52594765342545	1075.2687064269485	895.1715210119921	953.3948480640884	618.7042246954276
PWY-6892	thiazole biosynthesis I (E. coli)	5078.567120822569	3867.9649133999183	6566.108073434083	8906.952797600637	5643.20582695863	7949.501117507044	4978.7827581517295	4365.129866333514	5772.420809533451	6530.658508704407	4687.175387431258	8069.468293231955
PWY-6895	superpathway of thiamin diphosphate biosynthesis II	3678.479342039442	2230.1356096495783	2396.5323647598952	2909.015880296092	4042.24578452649	3586.9426458307807	1989.9060503874189	762.9336043356461	2136.280178946639	2889.153189098558	2514.687501502447	2124.733456153674
PWY-6897	thiamin salvage II	6702.822557334089	4748.516561478826	7391.991957194194	7435.370140904975	5584.114882121898	6878.550499052764	4464.908177665901	4403.608638607505	6870.145940857574	7240.413697365893	4687.665767395214	6812.713638253592
PWY-6901	superpathway of glucose and xylose degradation	3165.0103979643736	1546.6570695013108	3063.634220997392	5454.961941821878	3353.32159982694	5683.24489693144	819.1187321250516	2888.2651358567864	5110.394264999485	2274.2890290768664	1317.1949430279135	7062.51853302406
PWY-6906	chitin derivatives degradation	0.0	19.957888878843143	8.009206768877558	8.175397333606156	0.0	3.3133825964404	0.0	0.0	41.245244285573406	0.0	0.0	69.93751906501247
PWY-6969	TCA cycle V (2-oxoglutarate:ferredoxin oxidoreductase)	5050.842246095536	4156.932996335618	5172.7846506806045	7964.617555258415	5787.504435992681	8935.943433124565	3915.1429063554847	4316.663812376915	6074.467299947471	7005.2639118136085	3721.782977762936	8863.49390531592
PWY-7003	glycerol degradation to butanol	512.9794572163121	972.3177893144396	24.630239585092177	79.21916958368328	312.76915348129154	313.0142560563648	28.775074015409587	1075.9623039213882	1093.963763984172	254.0959781284701	237.70402247511672	2742.253740774188
PWY-7013	L-1,2-propanediol degradation	100.24300538869306	122.07931362921508	145.49719541608783	166.0111789620507	55.811624498426205	388.527522962362	71.37657239889745	109.94080875663116	594.9115483375277	188.2135681724159	114.10137152828398	1133.1673024428308
PWY-7031	protein N-glycosylation (bacterial)	1.0	1.1785714285714286	2.395886889460154	0.0	0.0	0.0	0.0	0.0	0.0	0.0	0.0	0.0
PWY-7090	UDP-2,3-diacetamido-2,3-dideoxy-&alpha;-D-mannuronate biosynthesis	124.70460654580285	15.301609319561212	134.31105285170025	326.46960766346723	135.51435237269556	173.6402709019531	6.883413703665379	121.96298212367468	2.493505532481904	137.33416117767183	11.510853421933952	0.0
PWY-7094	fatty acid salvage	129.89115254762393	0.0	112.87215776276368	2.855795202253097	0.0	0.0	0.0	0.0	0.0	0.0	0.0	0.0
PWY-7111	pyruvate fermentation to isobutanol (engineered)	10427.2854058804	6365.420677082234	12261.825113296112	12633.103289122117	10192.187353910023	13604.46502261696	6908.015907437097	7981.095726774934	12512.66575555988	10471.62155339693	6449.113179061104	14176.507878901097
PWY-7184	pyrimidine deoxyribonucleotides de novo biosynthesis I	4289.615548272499	2582.514787265832	3043.11956957265	4322.60564376911	4196.656196391991	4307.901867001166	1594.77336452791	2925.372293854223	2922.388376559638	5014.179223281754	1680.2872101962223	3574.2994964066
PWY-7187	pyrimidine deoxyribonucleotides de novo biosynthesis II	5367.228922862386	3180.251230696143	4207.628727167649	5258.947888430238	5278.95913399265	5249.155291668913	2118.461834625852	3687.300679481888	4143.736649082518	5751.847251521281	2339.659094345306	3363.292547358518
PWY-7196	superpathway of pyrimidine ribonucleosides salvage	5774.038614985623	3774.312447438871	4353.291827114586	6768.758600672869	5579.971867535551	6556.05586324687	2490.725475935511	4105.364896930443	4118.839384061235	6662.256770752915	2511.1977877853824	6601.018576121573
PWY-7197	pyrimidine deoxyribonucleotide phosphorylation	4168.305110342118	2298.966452363715	2786.280085567265	4021.775705110661	4127.809619303205	3811.013946141767	1482.4785901819405	2890.3362401761096	2633.136803498652	5226.793709189089	1532.5167836661903	4086.598137753209
PWY-7198	pyrimidine deoxyribonucleotides de novo biosynthesis IV	285.5833742426854	828.0989108477902	1987.1756273992369	1986.0368642645733	1190.3497950961553	2341.2771851697007	760.0826896364756	1495.759793050042	2004.7106190760117	401.5961912805787	530.9531236934574	2136.724041102595
PWY-7199	pyrimidine deoxyribonucleosides salvage	5355.881675206977	4624.10101564849	5035.607131257424	6976.466335248914	4456.595115088571	7072.589183940001	3590.0044850562085	3131.115929428975	5426.492039404725	4313.314302422625	3994.449705289232	5805.60241980611
PWY-7200	superpathway of pyrimidine deoxyribonucleoside salvage	4464.1681792254585	2912.8443311709266	3289.646530863134	4617.849938271562	4080.820508223816	4592.322369605692	1944.1816347759463	2807.0283632826654	3274.826765754169	4500.598075391883	2041.2129832414328	3176.560758292897
PWY-7208	superpathway of pyrimidine nucleobases salvage	10040.690339642586	7631.222503645903	9866.44402637521	11244.68026507231	9488.32070268562	11424.670320461377	6524.797128379646	6986.845285269288	9619.29442934632	10042.491224782998	6842.7286463323535	9882.435503722798
PWY-7210	pyrimidine deoxyribonucleotides biosynthesis from CTP	395.0985579639732	1005.1998015335496	2182.1806878060643	2221.854816028635	1489.5039478586484	2517.294017988292	868.896058557221	1699.5176403871728	2208.530353947872	554.5888610506873	644.0848975221631	2246.6882560163226
PWY-7211	superpathway of pyrimidine deoxyribonucleotides de novo biosynthesis	4032.7900412030217	1661.0733368830058	3268.177924813624	4032.2600934779593	3587.405236860578	4057.116466227461	1422.9648844824326	2641.85001329984	3250.8349952218628	5214.079480609232	1267.2168396300624	3807.115753270709
PWY-7219	adenosine ribonucleotides de novo biosynthesis	9705.95946157722	7425.756655227445	9791.087479076245	11563.512175692533	9442.697480947943	11702.911652665214	6335.582118313783	7096.400508581085	9846.318460783064	9847.663833687066	6635.261011774572	10286.903188341335
PWY-7220	adenosine deoxyribonucleotides de novo biosynthesis II	9431.86117560348	7582.360150611154	9432.94133877412	9469.654923703867	8058.095085410658	10515.552527442496	5457.700601585364	6017.531679188882	10226.608045859046	8616.474666930877	5801.989366030698	10651.636068216972
PWY-7221	guanosine ribonucleotides de novo biosynthesis	8264.968388106387	6710.242878594644	8883.980412496076	10328.40436118223	8071.831028310252	10595.064380953076	5599.595097527752	6138.797574744704	9041.22310754801	8675.544417366667	5785.348766181583	9219.445745231778
PWY-7222	guanosine deoxyribonucleotides de novo biosynthesis II	9431.86117560348	7582.360150611154	9432.94133877412	9469.654923703867	8058.095085410658	10515.552527442496	5457.700601585364	6017.531679188882	10226.608045859046	8616.474666930877	5801.989366030698	10651.636068216972
PWY-7228	superpathway of guanosine nucleotides de novo biosynthesis I	5156.508370616495	3423.457114656723	3929.445328270545	5869.500437842912	5085.458519492081	5756.148613283598	2187.9640944489825	3676.095490277333	3779.406065767628	6153.371120524043	2227.3130655082737	5859.15168892145
PWY-7229	superpathway of adenosine nucleotides de novo biosynthesis I	9668.16966225105	7481.745813152163	9820.025861370845	11036.02992620678	9077.233205563396	11567.574319136032	6152.614702654895	6856.951231703084	10127.341646375464	9529.035355881046	6416.708863651697	10668.493373458292
PWY-7234	inosine-5'-phosphate biosynthesis III	3090.945844717705	3673.27151077711	1684.4292580064064	1689.718220405753	1631.899214623281	2184.0893714317936	930.4094861927758	853.0010935990521	2883.6024610251457	1452.0485064981165	1147.7189337117777	280.27954149005126
PWY-7237	myo-, chiro- and scillo-inositol degradation	600.3299999999999	269.43	786.2399999999999	1105.33	333.65	1021.4600000000002	458.93	1520.32	728.6999999999999	684.3800000000001	146.95	2578.68
PWY-7242	D-fructuronate degradation	4839.416042409397	3682.041039947181	5661.927471248818	7474.314432172012	3470.765237643252	8616.784131935552	4287.228148630432	3333.293195598832	5791.062179263111	3098.772379994493	4192.834454018604	9877.427447183774
PWY-7254	TCA cycle VII (acetate-producers)	1586.9352396907225	411.2886491833032	396.04984542201487	399.4480192274888	760.1285795111787	656.8683734639554	1316.9972811907344	344.5292690116095	514.666546659507	718.2554388064463	1083.7171557544734	1362.3489105058657
PWY-7286	7-(3-amino-3-carboxypropyl)-wyosine biosynthesis	299.915334423102	0.0	0.0	42.618733778327474	780.7159679017285	0.0	0.0	411.2638976484368	0.0	542.8761751224379	53.20683899543731	0.0
PWY-7315	dTDP-N-acetylthomosamine biosynthesis	1415.5500840815582	915.2890188865264	2718.326774867809	3379.628114344377	1248.2051140965368	3846.120551627824	795.1669681719926	1639.769207378405	2819.417680310503	3022.036014678858	706.8864119956427	5224.305856162615
PWY-7323	superpathway of GDP-mannose-derived O-antigen building blocks biosynthesis	2748.960591340491	4179.464056081109	3219.457120341636	5318.639562600231	4273.990186001385	5814.549313825301	3668.832554991542	2669.365260695224	3186.1686409956724	4429.078739140299	3440.2355866013045	5456.145595758431
PWY-7328	superpathway of UDP-glucose-derived O-antigen building blocks biosynthesis	1264.582750285437	1539.7379324168278	1448.1469826918392	3173.5903160560183	2537.342668124653	3110.7064233222554	556.8017600854535	1005.2110316687184	2294.778306420833	2905.9743423522914	506.37197253900456	1935.586938756011
PWY-7332	superpathway of UDP-N-acetylglucosamine-derived O-antigen building blocks biosynthesis	939.3127783308266	49.62390649706654	565.1102584714899	1340.3500566356345	552.1252781634088	800.9328383945488	28.673534473702247	595.9529333842647	2157.578201847012	742.9731897374326	41.577375414729765	304.7791794834595
PWY-7371	1,4-dihydroxy-6-naphthoate biosynthesis II	634.53	31.5	581.0	438.5	338.0	783.4999999999999	19.5	324.37	78.95203619909503	1150.7	6.8	0.0
PWY-7373	superpathway of demethylmenaquinol-6 biosynthesis II	3.9811773563596993	3.65217391304348	7.918228279386713	0.0	0.0	0.0	0.0	0.0	0.0	0.0	0.0	0.0
PWY-7374	1,4-dihydroxy-6-naphthoate biosynthesis I	507.18424863135874	8.4	390.7135523613963	387.5334761649705	300.1589495507947	670.9463233012721	15.6	162.17624979768007	62.7632762197096	335.23745921330993	2.048192771084337	0.0
PWY-7377	cob(II)yrinate a,c-diamide biosynthesis I (early cobalt insertion)	1692.1139801380434	536.2120551582196	28.196179795710247	1306.619555898849	2436.5402005050723	21.577207935286854	291.810955101202	1332.2566824270434	350.01398115409523	1869.5707981636556	557.8010030699635	411.3694689329316
PWY-7391	isoprene biosynthesis II (engineered)	0.0	0.0	0.0	23.45827116935114	156.17940783592562	0.0	0.0	7.827547753792603	0.0	0.4531094605861774	103.77097388035834	0.0
PWY-7392	taxadiene biosynthesis (engineered)	4879.813956891852	3261.464522108504	845.6463983244903	594.0275773563901	3724.967856696284	987.2121033805536	2187.465139862219	2036.1096847630608	3037.208268350816	3212.324299428314	2614.8291796966178	1728.4297230809932
PWY-7400	L-arginine biosynthesis IV (archaebacteria)	7393.665555877861	3580.693649916005	7694.468728584175	7731.918297285828	6940.837036690336	7696.30141350649	4206.011231071328	5475.395361663405	7175.180560946887	7395.661394351444	4280.242949739327	7321.119840740123
PWY-7431	aromatic biogenic amine degradation (bacteria)	542.7794207895594	20.374447517423796	730.0807539257451	8.88732096232749	2.666032971929304	29.502159074962076	2.2257878965478124	15.31009626471809	13.097197554936391	106.24089846849888	11.939633709551128	27.368265799958884
PWY-7446	sulfoglycolysis	0.0	1.912953367875648	0.0	0.0	3.9230769230769234	4.574151280524122	0.0	4.34108527131783	0.0	0.0	0.0	0.0
PWY-7456	mannan degradation	2600.134413620653	918.9377305899964	1738.1543448954794	4120.886377447401	1490.5317857868354	4108.845736591099	497.53214964091376	1712.778446446086	1622.9643056022464	2046.8017208985625	1186.239946846954	3726.240872321408
PWY-7539	6-hydroxymethyl-dihydropterin diphosphate biosynthesis III (Chlamydia)	4128.485633586524	4414.728864026876	5598.434750886581	6886.014558682407	4778.120842264996	7443.584718757815	4346.7826632619	3698.0817621850056	5373.532737038771	4115.857103298876	4387.892992870415	7213.378165458232
PWY-7560	methylerythritol phosphate pathway II	8267.94911198839	5943.6556249407895	8561.406802588186	9989.886111342052	7526.561917841125	10037.717261891408	5998.887691185271	5915.7283820278135	8461.492894161882	8157.978533369999	5863.117581311051	9132.669578571056
PWY-7663	gondoate biosynthesis (anaerobic)	9446.632894739416	8275.75135256768	10525.741224964546	11941.196345664006	8794.573195493424	12445.322099800156	7109.654289355402	6954.619040542064	8740.732808412398	9483.959413286511	7104.949312472134	11477.944933269102
PWY-7664	oleate biosynthesis IV (anaerobic)	3175.488477329787	6341.571570623431	2199.2239613586376	1082.5248366323692	3664.1055364046447	3583.6819002925536	6676.4437411458575	1208.7992474531234	1536.8712080335454	1224.1750982592696	5440.205298931468	2487.5445901565827
PWY-841	superpathway of purine nucleotides de novo biosynthesis I	6453.867375973	4524.818915902307	5294.949993366806	7458.367683567517	6318.482916947178	7385.508063318103	3121.8849727054044	4624.436369633126	5138.25390370079	7267.932150909311	3188.881594857301	7255.042049433775
PWY-922	mevalonate pathway I	0.0	982.5441041287628	21.19108012049111	27.31330671703736	193.8123903980321	5.573522323842065	41.9258150858053	10.214040832294726	127.62343169839204	0.5945593593313572	204.64104727793736	24.54447579430206
PWY0-1061	superpathway of L-alanine biosynthesis	3915.059376498239	2176.554086376101	4544.200064344612	4151.79578447167	4706.887467542363	3925.4716117156	2379.3544097805466	3356.943782698074	5875.638155511791	4147.86244002276	1877.226555358496	5885.31446555169
PWY0-1241	ADP-L-glycero-&beta;-D-manno-heptose biosynthesis	1582.9571864150687	633.6466565991091	815.2325731290157	607.522720077758	1480.3210837246331	569.2222596286587	1172.9239415954794	302.9214522632609	741.2261994242883	2054.5310572017715	1070.8269403727234	489.5297051092861
PWY0-1261	anhydromuropeptides recycling	5658.080435051715	2149.254996008438	3415.929573282623	1552.9527646986348	3229.3304509975897	3531.4539854350974	2277.065044195836	282.2941646546345	3894.058238631712	1151.2559214272003	2414.533281994791	2364.715328960656
PWY0-1296	purine ribonucleosides degradation	5864.581381356275	3217.524291072839	6496.642395157075	7149.339361034023	3970.380995855064	7181.453487641307	3823.548178134552	4176.224549451665	7674.430709445938	4930.032068633574	3730.922940870417	6916.622704876909
PWY0-1297	superpathway of purine deoxyribonucleosides degradation	5330.164237410483	3141.917894970698	5824.161449517923	5727.651577172262	3844.1043299492326	6173.032769998097	3068.4432027523203	3961.9266135719968	6680.896105370324	4668.507896405175	2897.3430554458705	6550.725686468865
PWY0-1298	superpathway of pyrimidine deoxyribonucleosides degradation	5066.851945376901	3145.4664490144546	5729.854903859996	5677.584641569752	3783.281713765626	6179.32982252325	3149.774012798519	3845.3114044285935	6547.651699343445	4588.613466295963	2954.450373003405	6415.952526998276
PWY0-1319	CDP-diacylglycerol biosynthesis II	9687.778663676208	6822.214122780033	9983.398407035264	11236.456133341004	8589.408404820024	11262.643192267276	6152.771090634803	6720.753327134333	9756.778829919353	9645.51806814029	6280.174515761504	10107.2441590463
PWY0-1338	polymyxin resistance	604.8067083410028	68.1998520030921	3.897842400170225	12.209356581590106	34.56483126110125	0.6609283468475922	28.90365055762082	9.31602992782891	175.606032446989	48.11925743064584	165.02308816741035	99.2887277234046
PWY0-1415	superpathway of heme biosynthesis from uroporphyrinogen-III	1154.6343879755289	551.2406980389196	298.1561280315415	73.73804856064508	380.22799784435705	145.4322906057297	499.56618095161537	57.14283594289545	251.71098612493205	127.08308876386918	497.8890671370245	132.90123307112492
PWY0-1479	tRNA processing	1689.3492498899966	813.9324495349475	808.1883738538565	296.5011805238587	1416.0989150101318	496.1259780956382	640.4890342087238	106.38069282034952	1014.9265533775344	373.20958327503325	409.0610376823641	305.8147473103096
PWY0-1533	methylphosphonate degradation I	925.4566073578096	288.4442314266393	592.3440749127582	88.64839321832193	198.9390304199501	417.4006017569762	57.35810222202589	83.955854650138	319.7361785488799	191.3615482614308	313.15266490503825	162.1397792575346
PWY0-1586	peptidoglycan maturation (meso-diaminopimelate containing)	7135.971203800888	4103.144379489402	7767.356103262266	7070.109024166853	4976.716084592368	6651.634088130252	2720.3360567327018	3753.2343850263633	8494.672648739464	4944.970562605969	3398.7371149518926	6302.871351837032
PWY0-162	superpathway of pyrimidine ribonucleotides de novo biosynthesis	6412.811659881253	4314.847518312894	5173.696818239476	7559.782929756743	6468.95491539034	7339.954613267751	2948.1051944150445	4720.0927223646695	4941.230234343872	7533.115557753186	3000.856829976342	7335.889184877986
PWY0-166	superpathway of pyrimidine deoxyribonucleotides de novo biosynthesis (E. coli)	5331.225854142729	3170.853305349296	4149.486223499042	5135.954578868387	5188.832185360783	5139.285880783714	2087.6940098425816	3590.136515329993	4092.1003037844807	5664.058717472494	2317.989581627211	3312.3870906215225
PWY0-321	phenylacetate degradation I (aerobic)	15.92443307957079	16.721494716320034	0.2399245807847847	0.2393143777294502	0.0	0.0	0.2398373080070077	0.0	4.209466471290485	0.0	54.80743352030278	0.8177352273237858
PWY0-41	allantoin degradation IV (anaerobic)	10.651673565897244	76.03576204704719	5.937332848912573	5.688985248933824	5.846209660289766	380.6666243869647	0.0	166.74669281690726	286.9556580929855	2.881450959368579	5.55475914797136	29.270716326786992
PWY0-781	aspartate superpathway	5077.183923660802	3466.575689059744	3988.266967640197	3331.926569147283	4128.271313685714	2853.3742759677634	2808.9316324756423	2705.7478834992107	4921.338738673497	3460.8510620474517	2604.9703439357727	2471.486757460761
PWY0-845	superpathway of pyridoxal 5'-phosphate biosynthesis and salvage	2218.2754916590025	620.3840429363311	1690.23301091293	2680.3521343100147	1669.159960646158	3383.287877461275	473.9902562622598	1881.02837842033	2334.569082420528	3260.115848185265	643.7637110490521	3892.400790231544
PWY0-862	(5Z)-dodec-5-enoate biosynthesis	2836.932199310272	6024.342176532052	1929.1071893097112	936.827630554242	3304.4707063834103	3169.5240825338847	6514.508321434781	1056.326288172587	1343.0838185055532	1065.0075659601891	5169.206103963172	2180.5348363754747
PWY490-3	nitrate reduction VI (assimilatory)	1240.5799239927987	887.3030125831997	1321.253577855559	1589.8037414889604	862.2534643440644	1420.4508691408848	1236.314065215673	1473.3720801381746	1432.9169536559	1010.9288784771768	835.0640988489777	1781.7110206529212
PWY4FS-7	phosphatidylglycerol biosynthesis I (plastidic)	8424.085879307639	6150.595386178962	8752.044266686946	9505.700134324645	7377.9264755867825	9539.57894027616	5632.821399112561	6004.28301926294	9092.113410246637	8384.412649189806	5385.257291091776	8819.310440161282
PWY4FS-8	phosphatidylglycerol biosynthesis II (non-plastidic)	8424.085879307639	6150.595386178961	8752.044266686944	9505.700134324648	7377.9264755867825	9539.578940276157	5632.821399112562	6004.28301926294	9092.113410246637	8384.412649189806	5385.257291091776	8819.310440161282
PWYG-321	mycolate biosynthesis	3171.0946109412066	5925.999319279636	2262.078152941026	1119.5860875168642	3747.809694805032	3677.3457910539614	6050.3510493033	1243.726613903692	1587.1190403667708	1265.5756841617458	4963.864117208677	2563.0193312660804
PYRIDNUCSAL-PWY	NAD salvage pathway I	6100.484482305458	5121.544510670161	7289.743053016032	8876.166899745209	5434.54454024484	8917.693402472936	5008.872207137326	4811.740927050569	7456.34655831981	5050.603791803714	4959.614213339479	8369.348941194648
PYRIDNUCSYN-PWY	NAD biosynthesis I (from aspartate)	6040.474576689787	4629.146134468471	7082.141028756673	8650.411589062212	6451.521319710623	8690.86375891983	4348.334148977148	4975.629426718467	6217.158431013921	6944.333436210971	4557.616688099944	7936.001756165862
PYRIDOXSYN-PWY	pyridoxal 5'-phosphate biosynthesis I	1647.626755003173	437.00775852523634	1266.1331502323198	2122.385931635899	1164.2822646391344	2730.154716051481	270.19070363200194	1425.5538824114085	1626.9626567565322	2639.891900508665	463.7612736535112	3039.541892529551
REDCITCYC	TCA cycle VIII (helicobacter)	1654.8140578434825	229.9756431334816	217.4940420349904	289.4892852507072	476.0977253685337	683.6120418992858	81.76483062575828	851.0645243963347	538.1674916361221	437.0382474039878	734.123682741532	1633.0458544447297
RHAMCAT-PWY	L-rhamnose degradation I	2208.663007976758	2260.706031274082	2084.935844114044	4372.011837779876	1280.9236450725057	5655.601355784706	2912.455454399608	1827.1236152789363	3076.8476096215445	1378.3553826298746	2435.5272832085407	6523.271765917128
RIBOSYN2-PWY	flavin biosynthesis I (bacteria and plants)	5966.870252453794	4890.240855079588	6733.311719253652	8282.182642586058	6096.983151571274	8286.173902575798	4615.614005464969	4900.850508087236	5762.874585341243	6714.2295721001365	4758.96755629428	7511.101360207299
RUMP-PWY	formaldehyde oxidation I	1396.2463387381722	275.4228935776374	249.511832652897	547.0162053004519	1819.8687507703253	281.9026335446732	170.88508489777485	1393.5606247345602	1514.9401579519308	1172.2171977264509	401.2462403158832	2010.8853739927351
SALVADEHYPOX-PWY	adenosine nucleotides degradation II	3308.1034161721964	1662.6111014355831	3112.873057358316	2350.241256334196	2803.352473900793	2219.4719513856057	644.7281364672699	2122.380395838629	3493.224805563264	1871.545483724694	1640.1698221847237	7712.679266303137
SER-GLYSYN-PWY	superpathway of L-serine and glycine biosynthesis I	8248.298894006617	6281.516794951482	8547.690514717217	9912.662774574696	7856.427687060838	10106.63236490514	5744.813819868162	5627.053794224852	8344.68180540414	7332.832844915517	5803.542432836627	9756.58891112018
SO4ASSIM-PWY	sulfate reduction I (assimilatory)	1470.9259948645697	811.6979895153078	1458.70171225453	1182.3224369480702	2593.680684595744	1958.829083437966	739.8661149483577	1153.916804480035	1359.111276718736	2923.9743988503387	498.0488779621761	1657.11192471824
SULFATE-CYS-PWY	superpathway of sulfate assimilation and cysteine biosynthesis	2680.4298809283227	1565.5261499932317	2720.704681564138	2316.715791976256	4113.767231074491	3565.1704060788097	1430.2213695168348	2079.5504036420107	2551.077318472557	4392.144285044199	1012.8445746589804	3082.65423005678
TCA	TCA cycle I (prokaryotic)	4578.343475306899	3024.1090426082064	4499.343683074819	6153.141590447312	5321.24616298587	7460.412983286403	2674.722086605936	3945.209523298453	5840.185338185738	6545.511906786216	2582.3247149085173	7173.428207694044
TCA-GLYOX-BYPASS	superpathway of glyoxylate bypass and TCA	1532.916341795048	176.14522779938332	14.457675413685674	3.454521299749992	99.54291033164068	1.187873894900072	82.96956717681961	0.0	434.26552760532513	96.6768822440089	509.2361838738241	249.3822374643448
TEICHOICACID-PWY	teichoic acid (poly-glycerol) biosynthesis	2361.877912030151	958.3352949020853	1734.2920244256234	1904.260159411857	608.3719386963152	1682.1684485080882	979.2511312569876	1262.4368563494158	1754.467582275335	848.4871928025141	772.7382578082307	1682.1226224143904
THISYN-PWY	superpathway of thiamin diphosphate biosynthesis I	4624.945454837519	4442.95502032341	4633.68216444018	6832.755441554001	5508.465307191983	7210.703125146625	4400.282571033611	3529.513080201144	3019.8463226487106	6507.767977051211	4280.235347481317	5652.910247315743
THREOCAT-PWY	superpathway of L-threonine metabolism	7.798505312602916	74.25737759499098	1.3747101569018043	1.3525810087580032	0.0	0.0	1.5490386487420824	0.0	25.99576487334027	0.0	257.1454284866841	6.393612774757904
THRESYN-PWY	superpathway of L-threonine biosynthesis	9349.066981369571	6596.626248717454	9307.551171202373	10684.624588752196	8213.547426643923	10854.789750579796	6251.814364305287	6496.250664929557	9222.182609553807	8350.859920891666	6281.164753718844	10213.681035751402
TRNA-CHARGING-PWY	tRNA charging	8676.020699747054	6466.58834994044	8593.780713816215	9920.281364986962	8188.941939038805	10095.34528418462	5629.316401951177	6110.255918610574	8584.513663328375	8553.975833635952	5827.335339836657	9040.904381465838
TRPSYN-PWY	L-tryptophan biosynthesis	5624.953764416615	4175.041461100404	7108.081455716752	8192.523778079236	6103.627951784744	8096.06193168812	5246.5865474957645	4927.591552140319	6700.495961676724	7552.270766080415	4816.984735774614	8193.594976032955
TYRFUMCAT-PWY	L-tyrosine degradation I	344.9419659148606	0.0	270.88117122969726	1.283536863132818	0.0	0.0	0.0	0.0	0.0	0.0	134.93888839255476	0.0
UBISYN-PWY	superpathway of ubiquinol-8 biosynthesis (prokaryotic)	1064.475916047731	147.34472198748938	575.4128888362281	95.34384588084416	89.31535440175132	225.11429246997943	59.00532581960927	398.0085358968399	236.5572168711558	151.492474941521	276.9367911570075	311.8710434429006
UDPNAGSYN-PWY	UDP-N-acetyl-D-glucosamine biosynthesis I	6464.947389706453	3557.3547225368643	5117.132991172492	5370.891287079404	5245.761053123727	4608.066171835071	2755.7490553440643	3822.898593413293	5534.199904638347	5278.317452014991	3461.61370274359	2100.878179899886
VALDEG-PWY	L-valine degradation I	0.0	5.938666174110009	0.0	0.0	0.0	0.0	0.0	0.0	2.986850248630621	2.9779799833878693	0.0	0.0
VALSYN-PWY	L-valine biosynthesis	9651.37799056467	6198.70719080989	10483.944892972228	11573.57780203745	10521.5143109274	12016.166492195482	6908.015907437097	7231.085468814212	10588.271747672226	9728.305016423736	6648.4826102978	11195.25197336084
